order_id,order_date,customer_id,seller_id,order_status
1,2024-06-17,104,9,Completed
2,2021-12-01,181,13,Cancelled
3,2023-12-12,283,14,Cancelled
4,2022-01-24,119,5,Completed
5,2024-07-11,82,6,Completed
6,2021-11-18,188,16,Completed
7,2023-12-13,162,19,Pending
8,2023-04-16,48,13,Completed
9,2020-10-03,22,8,Pending
10,2020-10-21,329,11,Pending
11,2021-08-30,138,19,Completed
12,2024-04-02,266,10,Cancelled
13,2023-06-26,329,3,Shipped
14,2022-08-04,456,19,Pending
15,2022-05-01,311,12,Completed
16,2020-10-08,42,2,Completed
17,2023-03-07,345,17,Pending
18,2022-04-18,308,1,Pending
19,2022-03-06,239,2,Returned
20,2020-06-09,162,13,Pending
21,2020-08-18,236,11,Cancelled
22,2023-11-29,441,11,Pending
23,2024-08-17,283,19,Pending
24,2023-12-26,233,5,Pending
25,2024-03-13,9,13,Pending
26,2021-06-09,2,20,Pending
27,2023-08-12,240,13,Cancelled
28,2022-08-27,138,20,Returned
29,2023-09-18,198,20,Shipped
30,2023-10-30,342,19,Shipped
31,2021-07-02,157,15,Shipped
32,2024-03-14,194,18,Completed
33,2021-09-03,386,10,Pending
34,2021-07-17,75,13,Completed
35,2023-02-15,306,7,Cancelled
36,2020-04-07,163,8,Shipped
37,2022-11-15,203,20,Returned
38,2022-03-23,279,7,Completed
39,2022-10-19,281,15,Shipped
40,2024-08-12,361,6,Pending
41,2023-03-26,417,1,Shipped
42,2024-03-02,499,4,Pending
43,2020-10-26,142,12,Pending
44,2023-01-07,156,14,Shipped
45,2020-08-22,326,11,Returned
46,2024-05-04,106,13,Completed
47,2022-06-16,474,14,Shipped
48,2020-04-11,169,5,Shipped
49,2023-10-14,496,5,Shipped
50,2023-10-26,19,12,Shipped
51,2023-01-09,490,3,Cancelled
52,2022-09-23,159,15,Shipped
53,2024-09-25,421,2,Completed
54,2023-02-26,131,4,Returned
55,2020-03-11,402,5,Shipped
56,2023-06-14,211,10,Cancelled
57,2024-07-14,289,6,Returned
58,2020-03-18,82,1,Cancelled
59,2023-10-10,37,13,Shipped
60,2022-12-28,402,5,Pending
61,2024-04-23,64,20,Cancelled
62,2024-07-13,191,12,Pending
63,2024-09-29,263,4,Returned
64,2022-07-05,371,12,Completed
65,2024-08-09,246,13,Pending
66,2021-11-09,437,7,Returned
67,2020-12-10,331,10,Cancelled
68,2024-09-21,451,8,Cancelled
69,2023-06-04,438,12,Shipped
70,2020-03-02,207,2,Shipped
71,2022-10-28,300,3,Completed
72,2021-05-10,361,15,Cancelled
73,2021-01-03,90,17,Returned
74,2023-12-28,343,4,Cancelled
75,2021-06-19,24,4,Completed
76,2021-05-11,421,13,Pending
77,2024-07-20,211,12,Shipped
78,2024-09-17,146,16,Pending
79,2024-06-28,438,10,Cancelled
80,2021-07-19,285,12,Pending
81,2024-05-12,153,20,Pending
82,2022-01-10,206,1,Pending
83,2021-04-23,120,19,Shipped
84,2021-05-14,474,11,Pending
85,2024-07-23,19,8,Shipped
86,2023-09-11,403,9,Shipped
87,2024-09-07,188,4,Cancelled
88,2024-06-08,247,13,Shipped
89,2024-03-31,79,1,Pending
90,2020-10-30,290,7,Shipped
91,2022-09-09,470,4,Cancelled
92,2020-06-01,97,9,Shipped
93,2020-07-31,260,14,Shipped
94,2021-06-23,85,13,Pending
95,2022-03-13,2,18,Shipped
96,2020-02-15,185,8,Completed
97,2022-12-08,225,18,Pending
98,2020-02-14,313,2,Cancelled
99,2021-12-05,398,4,Completed
100,2021-11-15,66,12,Shipped
101,2024-01-11,451,8,Pending
102,2024-08-09,462,20,Returned
103,2020-09-10,479,14,Shipped
104,2020-08-08,11,3,Cancelled
105,2021-01-16,101,8,Completed
106,2021-01-19,4,10,Cancelled
107,2021-02-19,107,2,Returned
108,2020-03-08,327,3,Shipped
109,2022-03-22,60,17,Pending
110,2023-12-19,331,10,Pending
111,2024-09-14,210,6,Returned
112,2021-04-23,312,15,Shipped
113,2021-02-25,384,9,Cancelled
114,2020-11-16,474,18,Returned
115,2020-08-04,130,15,Shipped
116,2021-05-21,159,16,Completed
117,2023-06-29,61,3,Completed
118,2020-02-07,33,3,Cancelled
119,2022-06-21,19,1,Completed
120,2020-08-01,432,18,Shipped
121,2023-03-18,324,17,Shipped
122,2022-07-01,75,5,Returned
123,2023-05-13,103,12,Completed
124,2022-12-01,485,18,Cancelled
125,2021-12-10,19,20,Shipped
126,2023-08-28,89,1,Cancelled
127,2023-03-15,47,12,Pending
128,2022-10-28,461,14,Cancelled
129,2024-07-18,103,20,Returned
130,2024-05-04,199,8,Shipped
131,2023-03-04,203,2,Pending
132,2022-04-21,383,16,Shipped
133,2021-12-04,65,10,Pending
134,2023-06-23,285,4,Returned
135,2021-06-05,334,10,Cancelled
136,2024-02-08,167,13,Shipped
137,2023-02-07,185,14,Cancelled
138,2024-11-02,341,7,Pending
139,2022-06-03,267,4,Pending
140,2022-10-26,122,6,Pending
141,2020-04-23,358,9,Returned
142,2020-04-03,199,10,Cancelled
143,2020-07-29,304,4,Returned
144,2024-09-27,463,3,Returned
145,2023-11-04,430,13,Pending
146,2020-05-29,21,17,Returned
147,2021-10-21,463,10,Pending
148,2020-05-08,6,20,Cancelled
149,2024-10-29,412,20,Returned
150,2023-11-25,290,9,Cancelled
151,2022-02-19,121,18,Returned
152,2022-08-30,366,17,Cancelled
153,2021-11-21,446,13,Pending
154,2021-09-20,309,4,Completed
155,2021-02-11,459,16,Returned
156,2022-07-23,474,12,Returned
157,2020-04-09,106,18,Returned
158,2024-10-20,16,13,Cancelled
159,2021-02-15,2,3,Cancelled
160,2022-03-05,497,6,Shipped
161,2024-01-21,399,8,Returned
162,2023-04-04,128,11,Completed
163,2024-07-09,241,17,Shipped
164,2021-07-09,227,19,Cancelled
165,2023-03-23,45,12,Completed
166,2021-11-23,165,11,Completed
167,2022-07-06,209,20,Cancelled
168,2022-11-21,114,17,Returned
169,2023-01-12,369,17,Shipped
170,2022-10-18,338,15,Completed
171,2022-05-28,142,7,Completed
172,2021-11-06,383,16,Cancelled
173,2022-02-09,369,3,Completed
174,2021-02-09,266,5,Completed
175,2024-09-10,196,8,Completed
176,2023-01-01,443,10,Pending
177,2022-07-21,127,13,Shipped
178,2023-05-09,84,8,Returned
179,2020-02-06,383,9,Returned
180,2021-02-09,46,8,Cancelled
181,2023-05-12,251,3,Returned
182,2023-12-26,427,5,Cancelled
183,2021-07-28,469,2,Completed
184,2023-09-14,314,6,Pending
185,2024-09-22,137,1,Shipped
186,2024-08-10,384,6,Cancelled
187,2022-03-08,241,12,Returned
188,2021-11-26,252,15,Pending
189,2020-12-11,236,7,Returned
190,2020-01-08,55,6,Pending
191,2022-08-22,94,13,Pending
192,2023-04-12,49,5,Pending
193,2020-04-03,415,6,Returned
194,2024-06-22,197,14,Pending
195,2024-05-19,446,20,Pending
196,2024-03-05,114,20,Shipped
197,2020-01-14,166,9,Completed
198,2020-12-06,227,12,Cancelled
199,2020-07-13,134,16,Pending
200,2020-03-15,95,3,Pending
201,2023-08-01,337,7,Completed
202,2023-12-26,310,20,Shipped
203,2023-09-13,433,8,Pending
204,2022-10-25,355,10,Completed
205,2020-11-25,339,10,Completed
206,2021-02-18,258,6,Pending
207,2020-12-10,24,17,Shipped
208,2024-02-27,118,1,Completed
209,2020-02-05,469,12,Cancelled
210,2020-03-02,404,9,Pending
211,2022-10-12,82,4,Pending
212,2022-02-22,123,13,Cancelled
213,2022-03-26,365,2,Returned
214,2020-04-28,30,14,Cancelled
215,2024-06-04,111,5,Cancelled
216,2023-10-08,182,5,Completed
217,2020-11-21,433,10,Returned
218,2020-06-17,348,20,Cancelled
219,2024-05-03,389,10,Completed
220,2021-12-31,273,9,Pending
221,2020-08-09,122,18,Shipped
222,2024-10-29,341,3,Shipped
223,2023-02-13,10,13,Pending
224,2022-12-26,25,14,Shipped
225,2024-07-14,420,19,Returned
226,2020-11-26,314,20,Cancelled
227,2023-10-15,351,12,Pending
228,2021-04-15,10,14,Returned
229,2022-05-10,98,19,Returned
230,2022-10-08,152,7,Returned
231,2021-02-02,128,20,Pending
232,2022-07-01,4,2,Completed
233,2024-09-13,120,17,Cancelled
234,2023-10-23,455,19,Completed
235,2024-06-11,25,15,Returned
236,2023-11-04,147,3,Returned
237,2020-08-03,399,6,Completed
238,2024-09-19,38,1,Pending
239,2021-02-04,69,14,Shipped
240,2022-07-02,84,2,Pending
241,2023-10-24,10,5,Pending
242,2024-10-22,314,4,Completed
243,2021-08-14,270,13,Returned
244,2021-09-21,398,19,Completed
245,2021-03-15,421,20,Shipped
246,2021-05-03,359,3,Returned
247,2020-01-25,401,14,Shipped
248,2023-07-17,393,9,Returned
249,2021-01-20,434,7,Pending
250,2020-03-16,28,8,Cancelled
251,2021-10-13,96,20,Completed
252,2021-10-14,121,8,Cancelled
253,2023-06-22,449,3,Returned
254,2022-10-20,413,6,Returned
255,2020-02-15,443,20,Cancelled
256,2021-05-23,436,17,Cancelled
257,2022-09-15,469,9,Pending
258,2024-04-27,483,19,Shipped
259,2024-08-14,414,4,Pending
260,2020-07-08,13,20,Pending
261,2020-09-08,330,10,Shipped
262,2020-06-02,181,11,Completed
263,2021-11-29,35,4,Returned
264,2020-04-04,72,10,Shipped
265,2020-02-28,316,9,Pending
266,2022-02-27,256,16,Completed
267,2024-04-07,500,3,Cancelled
268,2020-09-24,356,15,Cancelled
269,2021-10-23,55,14,Pending
270,2022-08-27,187,15,Returned
271,2021-01-07,181,14,Returned
272,2022-06-10,29,7,Returned
273,2023-11-15,360,16,Returned
274,2022-05-29,65,5,Cancelled
275,2021-01-07,124,2,Cancelled
276,2023-09-02,439,7,Shipped
277,2024-05-06,173,9,Shipped
278,2023-03-27,272,5,Returned
279,2024-01-09,11,17,Completed
280,2022-05-23,65,1,Returned
281,2024-07-24,121,12,Shipped
282,2020-08-31,411,7,Cancelled
283,2021-12-24,43,1,Completed
284,2020-11-21,356,5,Returned
285,2020-05-18,491,2,Cancelled
286,2022-02-11,405,5,Shipped
287,2023-01-09,353,3,Pending
288,2020-06-11,379,16,Pending
289,2024-10-20,60,12,Cancelled
290,2022-07-28,255,8,Completed
291,2024-04-14,117,19,Pending
292,2022-10-13,268,13,Completed
293,2020-04-13,59,12,Cancelled
294,2020-03-25,172,7,Cancelled
295,2024-09-04,366,3,Pending
296,2024-01-24,185,5,Cancelled
297,2023-11-19,119,4,Shipped
298,2021-01-12,48,19,Pending
299,2024-03-19,98,9,Returned
300,2022-11-06,130,12,Completed
301,2021-02-27,213,16,Completed
302,2021-05-26,314,8,Returned
303,2024-01-18,133,18,Completed
304,2024-07-29,450,16,Pending
305,2020-08-22,352,20,Completed
306,2021-01-08,143,2,Pending
307,2024-06-23,461,7,Pending
308,2021-03-26,35,12,Shipped
309,2023-02-07,53,3,Returned
310,2020-08-05,208,17,Completed
311,2024-03-26,9,15,Returned
312,2021-07-10,272,4,Cancelled
313,2022-11-23,323,20,Returned
314,2020-11-06,218,9,Shipped
315,2020-02-27,104,9,Returned
316,2024-02-25,263,6,Completed
317,2022-11-17,259,2,Pending
318,2022-12-26,479,3,Cancelled
319,2023-07-01,320,2,Cancelled
320,2023-03-11,160,20,Shipped
321,2022-09-18,337,14,Shipped
322,2020-06-15,130,13,Completed
323,2021-02-09,166,5,Returned
324,2020-03-20,221,18,Pending
325,2024-06-22,272,19,Pending
326,2020-11-30,88,13,Cancelled
327,2020-07-05,207,9,Pending
328,2023-03-13,272,13,Shipped
329,2024-07-28,462,11,Pending
330,2024-04-22,265,17,Shipped
331,2022-11-08,278,11,Completed
332,2020-07-04,114,8,Returned
333,2024-11-19,35,16,Pending
334,2024-10-02,281,14,Shipped
335,2020-02-06,234,17,Returned
336,2021-01-27,127,18,Completed
337,2022-05-19,204,2,Returned
338,2020-10-28,476,17,Returned
339,2021-01-15,62,6,Pending
340,2020-02-14,159,20,Completed
341,2020-07-29,289,16,Completed
342,2023-11-26,127,10,Shipped
343,2022-05-10,390,1,Completed
344,2022-12-26,26,2,Completed
345,2024-05-19,132,3,Cancelled
346,2020-11-24,269,4,Returned
347,2021-03-14,130,11,Returned
348,2023-08-26,126,1,Completed
349,2020-06-11,372,12,Completed
350,2022-03-08,312,16,Returned
351,2022-11-01,23,20,Cancelled
352,2024-09-03,272,17,Pending
353,2024-10-02,348,15,Returned
354,2020-07-25,113,5,Completed
355,2022-03-13,440,8,Completed
356,2024-08-20,454,13,Completed
357,2022-04-10,380,17,Cancelled
358,2024-07-27,240,13,Shipped
359,2021-10-29,342,14,Completed
360,2021-12-25,11,11,Shipped
361,2022-04-18,292,2,Cancelled
362,2020-11-15,207,19,Returned
363,2023-09-24,376,15,Cancelled
364,2024-04-24,451,11,Cancelled
365,2023-06-09,306,16,Pending
366,2023-11-18,408,20,Returned
367,2021-04-11,287,4,Shipped
368,2023-09-14,447,12,Returned
369,2022-09-27,30,2,Completed
370,2020-04-01,128,14,Shipped
371,2023-04-18,380,9,Returned
372,2020-01-17,84,11,Completed
373,2020-11-29,73,8,Returned
374,2020-06-29,88,9,Completed
375,2021-03-21,252,9,Cancelled
376,2021-05-19,350,15,Completed
377,2024-05-16,315,8,Returned
378,2023-01-25,1,10,Cancelled
379,2022-06-21,233,11,Pending
380,2024-05-15,188,18,Cancelled
381,2021-12-07,453,5,Returned
382,2023-07-24,140,20,Pending
383,2021-02-19,127,12,Returned
384,2021-09-28,414,19,Shipped
385,2020-01-22,351,19,Shipped
386,2020-01-19,189,13,Completed
387,2023-02-10,284,17,Completed
388,2023-11-01,48,19,Cancelled
389,2024-08-01,351,12,Pending
390,2023-05-01,311,8,Completed
391,2020-06-04,93,18,Shipped
392,2021-10-14,170,19,Returned
393,2021-01-23,380,10,Pending
394,2021-04-03,444,16,Shipped
395,2020-08-16,472,17,Cancelled
396,2022-12-31,331,7,Pending
397,2021-01-23,103,19,Cancelled
398,2021-07-16,370,4,Cancelled
399,2024-11-03,360,12,Cancelled
400,2024-07-04,454,20,Pending
401,2023-10-29,129,18,Cancelled
402,2024-03-16,60,19,Pending
403,2022-04-04,389,16,Pending
404,2020-09-03,232,11,Cancelled
405,2020-09-27,46,4,Returned
406,2021-06-29,102,7,Shipped
407,2024-11-14,431,15,Cancelled
408,2022-09-09,184,1,Completed
409,2021-08-30,158,19,Returned
410,2024-08-15,222,5,Cancelled
411,2021-02-04,380,9,Cancelled
412,2020-10-17,88,13,Returned
413,2020-11-29,104,4,Shipped
414,2021-09-19,419,1,Cancelled
415,2022-01-03,411,11,Returned
416,2020-03-07,183,18,Completed
417,2021-12-13,455,6,Completed
418,2020-12-01,426,9,Completed
419,2022-11-30,387,17,Cancelled
420,2023-11-23,28,16,Completed
421,2023-05-28,417,8,Shipped
422,2021-08-21,234,19,Returned
423,2023-06-14,188,6,Cancelled
424,2020-03-25,249,7,Returned
425,2021-04-26,41,1,Completed
426,2023-01-31,435,15,Returned
427,2022-10-26,46,19,Completed
428,2024-07-17,155,17,Cancelled
429,2023-01-30,200,7,Returned
430,2020-03-10,27,18,Shipped
431,2024-07-15,258,7,Cancelled
432,2021-02-27,229,12,Returned
433,2023-06-10,101,1,Returned
434,2021-12-18,234,3,Cancelled
435,2023-06-16,135,2,Shipped
436,2021-09-16,253,5,Pending
437,2023-07-15,108,6,Pending
438,2020-11-27,14,7,Cancelled
439,2023-04-02,202,1,Pending
440,2022-02-07,351,16,Pending
441,2020-11-28,200,14,Completed
442,2022-01-12,55,1,Returned
443,2021-01-23,229,2,Pending
444,2021-06-03,137,12,Completed
445,2024-09-05,144,9,Returned
446,2021-04-23,277,1,Shipped
447,2022-01-13,91,9,Returned
448,2021-12-13,113,19,Cancelled
449,2021-05-07,157,7,Pending
450,2023-04-06,208,7,Returned
451,2023-06-09,339,1,Shipped
452,2020-12-14,231,8,Shipped
453,2022-08-03,481,3,Completed
454,2021-10-11,419,14,Returned
455,2020-08-15,379,20,Returned
456,2021-02-02,382,10,Returned
457,2020-07-23,363,3,Pending
458,2022-03-17,18,15,Cancelled
459,2024-05-12,96,5,Shipped
460,2024-12-04,125,1,Completed
461,2024-07-14,104,10,Cancelled
462,2023-10-14,35,4,Completed
463,2023-03-02,3,14,Shipped
464,2024-04-28,154,20,Cancelled
465,2023-04-18,383,16,Completed
466,2022-01-10,465,9,Completed
467,2021-02-11,183,3,Shipped
468,2020-09-27,418,8,Pending
469,2022-11-18,75,10,Cancelled
470,2021-11-23,349,16,Pending
471,2021-02-27,467,15,Shipped
472,2024-04-09,487,3,Pending
473,2022-08-02,221,8,Pending
474,2020-06-05,461,9,Pending
475,2020-02-08,228,18,Pending
476,2023-06-14,442,19,Cancelled
477,2023-06-28,356,8,Shipped
478,2023-11-06,194,14,Completed
479,2021-11-16,297,10,Completed
480,2022-12-24,16,11,Completed
481,2024-11-02,385,3,Completed
482,2020-03-24,180,13,Shipped
483,2023-12-15,491,2,Pending
484,2023-05-04,423,2,Completed
485,2021-10-28,391,1,Returned
486,2024-10-31,120,11,Completed
487,2022-12-31,453,9,Cancelled
488,2021-08-28,321,16,Pending
489,2020-01-14,355,1,Returned
490,2020-02-21,393,7,Shipped
491,2021-04-07,234,12,Completed
492,2022-02-06,15,12,Shipped
493,2023-07-29,256,3,Returned
494,2023-10-20,446,1,Shipped
495,2024-10-24,303,15,Pending
496,2022-05-26,223,14,Pending
497,2020-08-31,105,6,Shipped
498,2020-12-08,193,5,Cancelled
499,2021-02-15,150,12,Completed
500,2020-05-07,463,1,Completed
501,2020-05-31,247,18,Shipped
502,2021-05-06,353,18,Cancelled
503,2023-05-25,371,1,Completed
504,2021-10-20,302,10,Shipped
505,2021-04-21,135,10,Cancelled
506,2023-02-10,160,16,Shipped
507,2024-10-01,300,8,Cancelled
508,2021-04-24,174,9,Cancelled
509,2024-02-22,223,13,Cancelled
510,2021-03-07,47,10,Returned
511,2022-08-27,128,18,Returned
512,2022-08-04,370,20,Pending
513,2022-11-05,49,6,Completed
514,2023-05-25,167,3,Returned
515,2024-07-04,279,17,Shipped
516,2021-09-12,279,14,Returned
517,2020-02-01,379,3,Pending
518,2023-08-27,281,10,Pending
519,2021-09-26,98,4,Completed
520,2024-10-27,370,10,Completed
521,2022-02-15,295,4,Completed
522,2022-12-17,339,14,Completed
523,2023-11-04,479,1,Pending
524,2024-11-07,295,12,Shipped
525,2023-03-23,108,18,Pending
526,2023-06-18,478,5,Cancelled
527,2020-11-18,347,11,Returned
528,2023-07-22,357,8,Returned
529,2020-11-09,422,15,Returned
530,2022-05-08,93,8,Returned
531,2024-11-02,414,15,Shipped
532,2024-01-20,359,15,Returned
533,2021-10-30,208,10,Completed
534,2020-02-21,124,6,Returned
535,2021-10-15,358,17,Shipped
536,2020-05-21,400,2,Pending
537,2023-12-24,454,1,Shipped
538,2024-03-02,123,12,Completed
539,2024-10-14,104,8,Returned
540,2021-04-17,225,8,Shipped
541,2023-01-11,70,16,Shipped
542,2024-11-18,419,7,Returned
543,2024-10-26,127,11,Shipped
544,2022-11-10,387,11,Shipped
545,2021-08-03,442,19,Completed
546,2020-02-22,53,2,Returned
547,2022-03-14,385,5,Pending
548,2021-03-10,12,6,Cancelled
549,2022-11-05,367,2,Cancelled
550,2023-12-03,256,16,Pending
551,2021-06-29,303,16,Completed
552,2020-02-09,420,12,Completed
553,2021-11-03,461,13,Cancelled
554,2020-08-11,295,9,Pending
555,2022-03-13,455,9,Pending
556,2024-08-09,242,5,Shipped
557,2020-08-03,270,13,Shipped
558,2022-03-31,262,11,Shipped
559,2023-02-19,364,10,Completed
560,2022-04-09,195,12,Returned
561,2023-09-12,267,4,Pending
562,2023-05-08,229,1,Returned
563,2022-03-07,250,17,Cancelled
564,2021-03-20,264,13,Pending
565,2023-03-17,37,16,Cancelled
566,2021-12-27,125,8,Shipped
567,2023-11-10,46,4,Cancelled
568,2023-02-14,390,9,Cancelled
569,2021-05-14,234,16,Cancelled
570,2021-03-10,388,13,Shipped
571,2020-05-12,122,16,Cancelled
572,2021-04-26,357,16,Pending
573,2021-07-28,394,14,Completed
574,2021-11-16,116,13,Returned
575,2024-08-19,346,10,Pending
576,2020-08-22,230,14,Shipped
577,2020-06-12,399,12,Cancelled
578,2021-06-18,77,10,Pending
579,2023-03-03,45,2,Pending
580,2024-09-06,145,12,Completed
581,2024-08-01,284,1,Shipped
582,2023-12-07,492,5,Pending
583,2023-04-10,252,7,Returned
584,2021-04-08,484,20,Pending
585,2024-10-09,201,10,Shipped
586,2022-03-10,207,1,Shipped
587,2023-09-29,31,5,Completed
588,2023-02-19,83,20,Completed
589,2023-08-02,298,20,Shipped
590,2024-03-12,284,9,Returned
591,2023-10-19,26,2,Returned
592,2021-08-20,421,19,Cancelled
593,2024-07-24,253,11,Completed
594,2020-10-27,384,20,Pending
595,2024-07-16,447,3,Completed
596,2022-12-06,474,10,Cancelled
597,2023-07-06,152,12,Shipped
598,2023-08-10,34,6,Cancelled
599,2021-06-29,217,20,Pending
600,2024-03-04,242,8,Pending
601,2020-04-28,449,15,Completed
602,2022-05-05,138,6,Completed
603,2021-06-04,488,6,Pending
604,2024-02-29,187,14,Pending
605,2022-06-30,292,17,Completed
606,2024-09-14,170,9,Completed
607,2021-10-24,399,2,Shipped
608,2021-11-16,394,20,Cancelled
609,2024-10-23,84,20,Cancelled
610,2023-09-13,233,13,Shipped
611,2022-01-27,467,5,Completed
612,2020-11-12,473,15,Returned
613,2020-06-29,292,14,Completed
614,2023-10-19,291,4,Cancelled
615,2021-04-06,215,17,Completed
616,2021-07-13,306,11,Completed
617,2023-11-12,226,19,Pending
618,2021-03-29,51,11,Pending
619,2024-10-27,312,7,Shipped
620,2023-01-09,483,10,Cancelled
621,2021-09-07,465,9,Pending
622,2024-05-27,469,1,Pending
623,2023-03-24,207,7,Shipped
624,2021-08-15,46,14,Shipped
625,2020-01-02,433,11,Cancelled
626,2023-01-30,245,10,Completed
627,2024-09-18,138,3,Pending
628,2020-12-07,203,2,Shipped
629,2020-12-31,200,7,Returned
630,2022-08-13,445,14,Cancelled
631,2022-05-14,253,5,Shipped
632,2022-07-16,241,18,Cancelled
633,2024-11-04,177,14,Returned
634,2024-04-03,15,20,Cancelled
635,2024-09-23,147,11,Shipped
636,2023-03-21,410,14,Returned
637,2023-01-14,209,13,Pending
638,2024-01-21,320,19,Pending
639,2021-04-17,31,3,Completed
640,2022-01-14,306,5,Cancelled
641,2020-06-30,360,4,Pending
642,2020-12-06,141,14,Shipped
643,2020-01-27,430,17,Pending
644,2024-01-31,398,9,Returned
645,2020-02-12,122,19,Shipped
646,2024-07-15,306,2,Returned
647,2021-05-22,354,11,Completed
648,2024-09-14,290,14,Returned
649,2023-08-11,175,10,Pending
650,2021-01-04,84,5,Completed
651,2023-02-01,422,17,Pending
652,2021-03-25,481,12,Shipped
653,2021-11-17,432,17,Pending
654,2023-11-30,131,8,Pending
655,2020-01-09,286,10,Completed
656,2021-01-04,84,18,Shipped
657,2020-01-09,250,16,Pending
658,2023-04-15,108,3,Cancelled
659,2020-01-14,481,16,Returned
660,2020-08-22,412,14,Pending
661,2024-05-30,427,7,Returned
662,2024-02-13,132,12,Completed
663,2023-04-19,417,15,Completed
664,2024-10-01,265,14,Pending
665,2023-11-08,174,4,Shipped
666,2021-08-09,155,15,Cancelled
667,2020-11-19,104,9,Returned
668,2020-04-04,5,11,Shipped
669,2020-07-17,66,4,Completed
670,2020-06-30,133,6,Pending
671,2024-02-11,486,13,Returned
672,2020-02-19,83,4,Shipped
673,2020-04-26,70,6,Pending
674,2023-05-06,89,4,Cancelled
675,2024-01-05,463,1,Pending
676,2021-10-08,269,8,Returned
677,2023-08-26,313,8,Completed
678,2021-12-19,184,3,Cancelled
679,2022-10-13,490,4,Completed
680,2022-11-04,480,9,Returned
681,2022-09-18,104,15,Returned
682,2023-01-14,441,18,Returned
683,2022-02-28,456,17,Shipped
684,2020-01-08,348,4,Returned
685,2020-01-04,454,14,Cancelled
686,2020-06-18,468,6,Returned
687,2020-03-04,417,3,Returned
688,2021-10-11,488,17,Shipped
689,2021-08-02,97,20,Pending
690,2020-03-10,448,20,Cancelled
691,2024-09-28,308,13,Pending
692,2024-02-19,395,3,Completed
693,2024-03-31,171,15,Cancelled
694,2022-09-02,237,1,Cancelled
695,2022-07-18,280,8,Returned
696,2021-10-12,158,3,Completed
697,2020-10-04,277,14,Completed
698,2021-07-10,36,9,Returned
699,2024-03-31,144,13,Shipped
700,2022-11-02,240,13,Returned
701,2020-10-12,163,1,Shipped
702,2023-07-03,369,1,Pending
703,2021-10-13,114,12,Shipped
704,2022-09-05,202,14,Pending
705,2021-12-03,443,2,Pending
706,2020-08-13,467,15,Cancelled
707,2020-12-06,354,11,Completed
708,2022-06-03,58,20,Cancelled
709,2023-02-02,290,19,Returned
710,2024-09-11,285,6,Pending
711,2024-11-05,54,13,Pending
712,2020-07-31,164,19,Cancelled
713,2022-03-06,128,15,Returned
714,2023-10-24,192,4,Returned
715,2024-02-04,40,15,Shipped
716,2024-03-28,227,10,Pending
717,2021-10-17,337,14,Cancelled
718,2022-11-22,172,6,Shipped
719,2024-08-08,70,6,Shipped
720,2024-02-04,89,12,Shipped
721,2023-12-29,404,5,Pending
722,2022-04-01,109,19,Pending
723,2021-11-04,373,19,Cancelled
724,2021-09-13,392,1,Shipped
725,2022-01-18,210,13,Shipped
726,2020-03-21,16,16,Returned
727,2022-04-17,183,6,Shipped
728,2020-10-12,374,13,Pending
729,2023-10-11,121,2,Returned
730,2020-09-17,116,8,Shipped
731,2024-04-03,110,1,Cancelled
732,2023-09-05,122,10,Shipped
733,2023-03-08,446,2,Cancelled
734,2023-07-09,157,16,Shipped
735,2021-12-03,289,9,Pending
736,2023-08-28,295,17,Cancelled
737,2022-06-22,482,15,Pending
738,2021-12-14,359,10,Returned
739,2023-09-08,404,13,Returned
740,2024-02-06,463,5,Cancelled
741,2022-08-15,398,9,Completed
742,2023-11-15,408,12,Cancelled
743,2020-03-22,371,7,Returned
744,2020-10-14,29,19,Shipped
745,2020-01-10,279,19,Shipped
746,2023-10-01,383,4,Cancelled
747,2022-12-23,222,13,Cancelled
748,2024-06-06,236,12,Shipped
749,2023-12-19,47,17,Cancelled
750,2020-10-06,344,16,Shipped
751,2020-01-08,297,5,Shipped
752,2022-04-21,485,16,Cancelled
753,2023-07-12,398,11,Cancelled
754,2020-12-20,334,18,Cancelled
755,2023-12-09,253,1,Shipped
756,2021-03-10,153,19,Shipped
757,2020-05-13,189,10,Shipped
758,2020-01-17,358,12,Shipped
759,2021-04-18,216,19,Pending
760,2022-08-17,451,8,Pending
761,2023-04-12,280,17,Shipped
762,2021-07-15,247,15,Completed
763,2024-01-03,236,2,Pending
764,2024-03-02,461,7,Shipped
765,2021-03-18,205,3,Completed
766,2024-01-28,290,7,Shipped
767,2021-04-22,485,19,Cancelled
768,2023-06-05,361,9,Pending
769,2020-11-22,424,20,Returned
770,2021-02-16,122,9,Returned
771,2021-04-07,174,19,Shipped
772,2023-12-07,266,6,Pending
773,2023-11-18,335,17,Returned
774,2023-02-22,22,9,Completed
775,2024-07-16,342,20,Cancelled
776,2023-11-09,8,17,Returned
777,2024-02-14,456,15,Cancelled
778,2021-05-05,215,2,Completed
779,2022-03-13,285,6,Returned
780,2020-04-07,18,10,Pending
781,2022-12-08,339,9,Cancelled
782,2020-07-14,464,9,Completed
783,2021-11-07,1,17,Shipped
784,2024-08-15,389,9,Shipped
785,2020-04-20,370,19,Pending
786,2023-09-07,336,10,Returned
787,2024-09-12,182,6,Returned
788,2023-02-15,212,11,Shipped
789,2021-01-31,496,20,Cancelled
790,2023-12-11,446,6,Returned
791,2020-08-05,103,8,Completed
792,2020-04-18,7,16,Completed
793,2023-08-13,342,6,Shipped
794,2024-10-17,351,13,Completed
795,2023-02-25,393,9,Returned
796,2022-06-09,359,9,Returned
797,2021-12-20,19,13,Returned
798,2023-06-07,383,3,Completed
799,2023-11-10,497,14,Cancelled
800,2021-07-05,239,7,Returned
801,2022-03-13,218,9,Completed
802,2022-05-11,108,2,Returned
803,2020-02-07,351,3,Returned
804,2021-08-28,13,9,Completed
805,2022-06-17,304,10,Returned
806,2023-10-02,202,1,Completed
807,2024-11-05,385,4,Cancelled
808,2020-01-10,130,20,Pending
809,2023-06-06,196,7,Pending
810,2021-08-21,143,6,Pending
811,2022-08-24,104,18,Returned
812,2023-01-15,67,19,Cancelled
813,2020-12-11,306,11,Cancelled
814,2020-10-30,494,13,Cancelled
815,2021-12-25,156,11,Pending
816,2021-11-18,424,14,Cancelled
817,2024-02-17,254,17,Shipped
818,2023-05-14,158,12,Cancelled
819,2024-05-13,196,13,Cancelled
820,2024-03-27,344,4,Pending
821,2022-10-24,489,1,Cancelled
822,2024-06-09,146,15,Cancelled
823,2023-07-01,366,5,Pending
824,2020-01-17,14,18,Completed
825,2020-05-24,134,18,Shipped
826,2023-05-10,278,10,Shipped
827,2023-03-09,447,8,Completed
828,2022-11-03,23,9,Pending
829,2021-10-06,202,11,Pending
830,2020-02-29,429,20,Pending
831,2023-05-08,409,1,Completed
832,2021-12-25,267,19,Returned
833,2023-08-17,375,14,Shipped
834,2024-04-14,452,17,Shipped
835,2020-01-29,294,11,Pending
836,2022-04-30,261,16,Completed
837,2024-10-09,72,11,Completed
838,2024-02-05,469,11,Returned
839,2020-08-16,480,1,Completed
840,2024-04-26,292,3,Returned
841,2023-09-03,425,4,Completed
842,2022-09-11,231,2,Pending
843,2020-01-07,140,5,Pending
844,2024-04-01,492,5,Returned
845,2020-09-02,130,8,Pending
846,2022-10-22,219,12,Shipped
847,2022-11-23,99,5,Pending
848,2023-09-14,438,9,Pending
849,2023-03-31,344,4,Returned
850,2021-09-30,79,3,Completed
851,2020-10-20,49,8,Pending
852,2022-01-10,470,20,Returned
853,2021-07-28,199,12,Shipped
854,2021-08-12,64,19,Returned
855,2022-09-10,237,13,Completed
856,2021-09-29,4,11,Returned
857,2022-01-07,117,12,Pending
858,2022-04-04,401,17,Returned
859,2022-05-11,344,7,Returned
860,2024-08-12,391,4,Pending
861,2021-10-08,267,6,Returned
862,2023-06-12,37,5,Completed
863,2020-04-28,12,6,Cancelled
864,2023-02-15,295,16,Shipped
865,2024-09-17,11,8,Pending
866,2024-08-20,152,6,Returned
867,2021-02-17,210,13,Completed
868,2023-02-19,329,2,Cancelled
869,2020-12-27,89,9,Completed
870,2022-10-28,392,12,Returned
871,2022-01-07,216,17,Pending
872,2022-09-10,335,14,Completed
873,2022-09-24,481,11,Cancelled
874,2021-08-23,425,7,Completed
875,2021-04-10,272,3,Pending
876,2022-02-26,44,15,Completed
877,2023-09-29,28,20,Shipped
878,2023-06-15,187,7,Cancelled
879,2020-02-24,225,6,Returned
880,2022-12-02,78,4,Returned
881,2023-08-08,334,3,Returned
882,2022-04-21,376,17,Pending
883,2021-11-04,300,10,Shipped
884,2023-05-13,271,1,Pending
885,2020-10-18,281,8,Returned
886,2021-07-22,495,10,Pending
887,2021-08-25,47,2,Shipped
888,2024-01-07,134,9,Cancelled
889,2024-10-30,310,12,Completed
890,2024-10-18,164,7,Pending
891,2020-06-29,168,3,Returned
892,2023-07-07,50,19,Cancelled
893,2022-12-20,387,6,Pending
894,2022-10-16,475,20,Returned
895,2023-06-06,288,8,Returned
896,2020-08-26,321,10,Completed
897,2023-11-13,271,12,Cancelled
898,2023-04-19,419,12,Returned
899,2022-01-12,102,18,Shipped
900,2020-07-22,9,19,Cancelled
901,2023-04-02,355,18,Shipped
902,2021-09-05,403,5,Pending
903,2022-07-31,161,5,Returned
904,2022-11-01,15,11,Completed
905,2024-02-05,78,14,Returned
906,2024-08-24,110,5,Shipped
907,2023-12-31,68,7,Completed
908,2024-07-16,371,9,Cancelled
909,2022-07-29,72,16,Cancelled
910,2023-12-22,215,9,Cancelled
911,2022-06-30,106,2,Completed
912,2021-03-15,276,3,Shipped
913,2021-05-11,150,2,Completed
914,2023-11-04,185,13,Cancelled
915,2021-03-31,159,3,Shipped
916,2024-01-27,40,14,Returned
917,2020-06-06,167,2,Completed
918,2021-04-05,365,10,Completed
919,2020-07-31,359,1,Cancelled
920,2022-08-25,257,1,Cancelled
921,2023-01-16,308,18,Returned
922,2023-03-08,372,14,Pending
923,2021-02-07,437,15,Pending
924,2021-11-22,171,20,Shipped
925,2024-02-18,183,14,Returned
926,2022-10-18,187,14,Shipped
927,2023-11-15,11,17,Shipped
928,2024-07-03,335,7,Pending
929,2021-01-26,477,1,Shipped
930,2023-02-05,241,12,Shipped
931,2022-07-12,435,1,Completed
932,2024-10-06,424,9,Returned
933,2024-02-17,193,1,Pending
934,2022-10-24,17,9,Pending
935,2022-07-01,212,17,Returned
936,2023-08-23,347,16,Cancelled
937,2021-07-17,54,6,Pending
938,2020-03-13,313,2,Cancelled
939,2021-03-11,412,15,Completed
940,2020-10-19,324,18,Completed
941,2023-02-13,427,12,Completed
942,2020-11-26,288,15,Completed
943,2022-06-23,500,5,Cancelled
944,2021-12-23,80,9,Completed
945,2024-10-21,404,19,Returned
946,2021-07-21,475,9,Cancelled
947,2021-11-17,390,1,Shipped
948,2021-12-07,363,4,Completed
949,2024-11-27,430,5,Pending
950,2023-10-15,482,18,Shipped
951,2023-01-30,91,4,Shipped
952,2023-10-22,440,1,Cancelled
953,2020-06-22,51,11,Returned
954,2020-03-24,26,9,Returned
955,2021-09-20,138,5,Pending
956,2020-08-26,287,3,Cancelled
957,2023-09-09,196,4,Shipped
958,2024-01-10,253,5,Shipped
959,2024-06-26,43,5,Shipped
960,2020-04-24,339,14,Pending
961,2021-08-24,316,15,Completed
962,2020-06-13,76,17,Pending
963,2022-07-24,442,19,Returned
964,2022-01-24,57,18,Returned
965,2024-04-20,168,14,Shipped
966,2022-08-21,468,10,Pending
967,2024-08-16,128,15,Cancelled
968,2023-07-05,12,19,Returned
969,2023-10-31,281,19,Cancelled
970,2022-03-02,36,18,Completed
971,2024-08-13,191,20,Cancelled
972,2023-05-16,9,11,Cancelled
973,2021-06-18,148,10,Shipped
974,2020-10-20,193,20,Returned
975,2020-10-09,177,18,Cancelled
976,2022-12-22,443,6,Cancelled
977,2022-02-23,166,13,Shipped
978,2023-03-13,10,12,Returned
979,2022-07-22,243,10,Cancelled
980,2024-10-18,471,3,Cancelled
981,2020-02-29,22,13,Shipped
982,2023-04-04,308,4,Cancelled
983,2020-09-21,247,14,Returned
984,2022-12-06,192,2,Shipped
985,2022-03-10,93,16,Shipped
986,2024-11-01,186,20,Returned
987,2021-07-19,41,20,Pending
988,2022-05-16,300,6,Completed
989,2022-03-06,480,14,Pending
990,2023-12-23,425,8,Cancelled
991,2023-11-28,347,5,Returned
992,2021-10-14,272,10,Pending
993,2023-04-20,153,1,Returned
994,2022-05-08,245,3,Shipped
995,2020-03-18,434,10,Shipped
996,2022-12-04,266,5,Cancelled
997,2021-06-25,499,9,Cancelled
998,2022-03-09,258,14,Shipped
999,2020-01-30,380,5,Shipped
1000,2022-08-23,376,10,Pending
1001,2022-06-15,193,18,Completed
1002,2022-08-27,373,16,Cancelled
1003,2023-04-07,450,7,Pending
1004,2022-05-30,220,8,Returned
1005,2020-09-15,44,4,Cancelled
1006,2021-12-14,72,8,Shipped
1007,2020-09-27,408,1,Shipped
1008,2020-05-25,72,16,Completed
1009,2022-04-03,37,13,Shipped
1010,2021-09-06,192,10,Pending
1011,2024-06-01,447,9,Shipped
1012,2022-01-19,371,10,Shipped
1013,2020-08-24,249,19,Completed
1014,2021-03-23,42,10,Completed
1015,2020-10-06,418,15,Returned
1016,2022-06-04,301,18,Shipped
1017,2022-09-22,245,9,Completed
1018,2020-01-21,465,17,Shipped
1019,2020-04-21,495,14,Shipped
1020,2021-04-17,172,11,Returned
1021,2024-10-13,419,8,Pending
1022,2024-04-02,218,19,Pending
1023,2021-01-29,55,4,Shipped
1024,2024-10-11,138,4,Cancelled
1025,2020-10-28,434,9,Returned
1026,2023-06-13,383,2,Cancelled
1027,2023-05-31,103,9,Returned
1028,2023-05-13,5,17,Cancelled
1029,2023-04-09,426,11,Returned
1030,2020-05-21,7,17,Cancelled
1031,2024-10-16,89,19,Completed
1032,2023-12-04,203,12,Shipped
1033,2020-12-28,474,1,Cancelled
1034,2024-10-08,445,8,Completed
1035,2022-02-19,353,11,Shipped
1036,2021-01-05,301,18,Pending
1037,2020-10-11,106,3,Returned
1038,2020-08-16,45,7,Completed
1039,2023-09-05,399,20,Returned
1040,2020-04-21,268,8,Completed
1041,2022-11-09,108,1,Shipped
1042,2020-08-08,476,16,Cancelled
1043,2024-06-17,159,18,Returned
1044,2024-02-08,57,18,Pending
1045,2022-12-18,427,8,Shipped
1046,2022-11-20,319,6,Completed
1047,2023-03-24,477,7,Cancelled
1048,2024-04-26,280,4,Shipped
1049,2023-06-04,320,11,Completed
1050,2024-10-02,225,7,Completed
1051,2022-08-18,257,6,Returned
1052,2023-09-18,383,8,Completed
1053,2023-03-04,463,3,Cancelled
1054,2024-03-25,273,3,Completed
1055,2023-09-09,398,12,Pending
1056,2024-03-16,336,11,Shipped
1057,2020-11-14,343,10,Cancelled
1058,2020-04-02,430,13,Shipped
1059,2021-07-02,267,19,Completed
1060,2020-07-09,167,3,Pending
1061,2021-04-29,444,10,Completed
1062,2022-12-05,272,2,Returned
1063,2022-01-26,451,17,Returned
1064,2022-07-20,375,9,Completed
1065,2022-03-30,20,18,Pending
1066,2023-07-04,60,18,Completed
1067,2021-10-05,491,19,Cancelled
1068,2024-10-11,244,15,Shipped
1069,2020-03-13,269,7,Shipped
1070,2021-07-06,461,12,Completed
1071,2023-06-04,312,19,Cancelled
1072,2021-08-16,275,6,Shipped
1073,2024-10-02,193,13,Completed
1074,2020-05-18,436,10,Cancelled
1075,2024-02-07,339,9,Shipped
1076,2022-06-05,80,5,Cancelled
1077,2022-03-01,417,12,Shipped
1078,2020-07-03,404,14,Pending
1079,2024-06-28,352,7,Pending
1080,2024-04-10,410,11,Completed
1081,2020-11-09,117,19,Shipped
1082,2021-07-19,165,7,Pending
1083,2020-11-18,380,1,Shipped
1084,2022-11-09,410,8,Pending
1085,2020-03-25,240,19,Returned
1086,2020-08-20,173,16,Shipped
1087,2024-01-26,310,1,Returned
1088,2022-08-26,441,15,Cancelled
1089,2020-08-20,175,9,Shipped
1090,2021-04-15,464,2,Cancelled
1091,2020-09-04,390,17,Cancelled
1092,2021-02-17,177,15,Returned
1093,2021-04-11,122,1,Cancelled
1094,2021-08-31,164,15,Shipped
1095,2021-09-21,31,18,Pending
1096,2020-08-23,157,14,Returned
1097,2020-11-09,20,16,Pending
1098,2021-11-12,481,20,Shipped
1099,2020-11-09,180,4,Returned
1100,2022-10-31,126,1,Cancelled
1101,2020-10-07,7,3,Cancelled
1102,2023-10-29,485,2,Cancelled
1103,2020-04-21,28,17,Completed
1104,2024-05-18,68,19,Returned
1105,2020-03-22,389,15,Pending
1106,2023-02-20,275,20,Shipped
1107,2021-06-01,462,6,Cancelled
1108,2020-03-19,28,8,Returned
1109,2022-06-13,500,11,Returned
1110,2020-08-28,33,19,Returned
1111,2022-11-27,148,17,Pending
1112,2023-10-12,418,4,Cancelled
1113,2020-03-22,229,14,Returned
1114,2023-04-28,472,1,Cancelled
1115,2021-02-08,447,14,Returned
1116,2022-08-01,377,14,Pending
1117,2023-02-09,486,6,Completed
1118,2020-04-10,495,20,Cancelled
1119,2022-10-02,232,6,Completed
1120,2020-03-11,489,14,Shipped
1121,2020-05-17,302,9,Cancelled
1122,2021-01-19,54,10,Completed
1123,2022-02-16,339,19,Cancelled
1124,2022-03-20,267,18,Cancelled
1125,2024-02-02,454,8,Cancelled
1126,2022-10-11,132,19,Returned
1127,2020-12-23,485,2,Returned
1128,2020-09-26,299,9,Returned
1129,2024-06-06,348,2,Cancelled
1130,2020-02-29,346,5,Completed
1131,2024-02-01,88,8,Cancelled
1132,2023-08-21,50,12,Returned
1133,2022-12-19,470,16,Completed
1134,2021-09-14,100,6,Returned
1135,2023-06-25,158,16,Cancelled
1136,2021-02-03,382,18,Returned
1137,2021-06-26,50,20,Cancelled
1138,2022-07-04,483,13,Pending
1139,2023-09-11,284,15,Returned
1140,2024-02-02,484,8,Shipped
1141,2024-10-17,456,8,Cancelled
1142,2024-10-23,207,20,Pending
1143,2023-03-30,324,12,Shipped
1144,2021-08-08,384,15,Cancelled
1145,2022-08-27,498,18,Completed
1146,2023-01-21,390,1,Returned
1147,2022-07-14,233,1,Cancelled
1148,2022-07-13,419,3,Returned
1149,2020-08-08,269,16,Cancelled
1150,2020-03-14,118,12,Completed
1151,2023-02-17,323,4,Cancelled
1152,2024-09-22,120,18,Shipped
1153,2024-02-16,96,1,Returned
1154,2023-09-03,68,10,Cancelled
1155,2020-12-05,119,20,Returned
1156,2022-07-02,150,19,Cancelled
1157,2023-04-15,14,14,Shipped
1158,2023-11-04,325,20,Cancelled
1159,2022-03-08,441,9,Returned
1160,2024-08-28,123,2,Cancelled
1161,2023-04-29,250,10,Completed
1162,2024-04-10,445,12,Shipped
1163,2024-05-27,88,7,Shipped
1164,2022-11-12,481,20,Shipped
1165,2021-09-28,452,3,Cancelled
1166,2024-04-17,406,11,Pending
1167,2021-07-04,438,11,Cancelled
1168,2020-07-03,206,8,Completed
1169,2024-09-05,256,7,Pending
1170,2021-08-05,186,2,Pending
1171,2020-12-19,481,7,Cancelled
1172,2021-09-11,427,3,Shipped
1173,2020-10-04,376,14,Shipped
1174,2023-06-15,437,6,Completed
1175,2024-02-19,105,13,Cancelled
1176,2023-10-09,359,10,Returned
1177,2023-05-21,95,12,Returned
1178,2021-01-31,344,5,Completed
1179,2022-08-05,156,17,Shipped
1180,2022-10-04,388,18,Returned
1181,2021-10-23,396,1,Pending
1182,2023-12-15,57,1,Cancelled
1183,2021-02-10,302,18,Returned
1184,2024-05-02,62,6,Completed
1185,2021-07-20,160,10,Shipped
1186,2022-03-27,471,4,Cancelled
1187,2021-01-27,52,9,Shipped
1188,2024-04-10,92,2,Completed
1189,2022-09-25,225,19,Shipped
1190,2023-02-08,433,15,Returned
1191,2022-10-10,134,11,Completed
1192,2020-06-26,354,8,Pending
1193,2024-11-06,384,2,Cancelled
1194,2021-12-10,311,5,Completed
1195,2021-10-17,469,8,Completed
1196,2022-12-16,30,7,Shipped
1197,2021-11-04,487,4,Cancelled
1198,2024-08-26,238,1,Returned
1199,2022-03-11,69,10,Pending
1200,2021-12-07,166,7,Shipped
1201,2020-12-18,210,15,Cancelled
1202,2024-02-19,349,6,Cancelled
1203,2022-09-13,108,3,Pending
1204,2024-06-28,283,16,Completed
1205,2022-09-05,334,3,Pending
1206,2021-04-25,244,1,Pending
1207,2020-01-29,341,13,Returned
1208,2024-02-28,45,9,Cancelled
1209,2021-07-20,207,8,Pending
1210,2024-09-12,163,1,Pending
1211,2022-05-27,206,4,Completed
1212,2024-02-20,179,15,Cancelled
1213,2021-10-18,64,20,Cancelled
1214,2024-01-14,96,19,Completed
1215,2023-04-22,338,14,Shipped
1216,2020-02-23,446,13,Shipped
1217,2023-01-29,91,3,Returned
1218,2024-03-07,363,16,Cancelled
1219,2024-08-12,175,17,Pending
1220,2023-01-05,386,11,Returned
1221,2023-12-01,146,16,Pending
1222,2022-07-22,366,6,Shipped
1223,2020-06-14,141,16,Returned
1224,2023-04-09,139,4,Shipped
1225,2022-01-19,36,2,Returned
1226,2021-05-04,270,16,Shipped
1227,2020-09-05,62,13,Returned
1228,2022-11-02,284,6,Completed
1229,2021-06-26,45,10,Returned
1230,2022-03-08,62,20,Pending
1231,2022-05-31,332,12,Completed
1232,2020-11-24,57,1,Shipped
1233,2020-12-16,45,8,Returned
1234,2024-06-12,337,14,Cancelled
1235,2024-02-13,49,13,Pending
1236,2024-07-09,234,20,Cancelled
1237,2021-10-03,118,20,Completed
1238,2023-11-20,400,19,Shipped
1239,2023-05-23,149,10,Returned
1240,2024-06-09,37,20,Shipped
1241,2023-05-09,397,13,Completed
1242,2023-05-28,239,17,Shipped
1243,2023-12-25,269,8,Cancelled
1244,2022-04-03,215,16,Pending
1245,2020-06-09,72,8,Shipped
1246,2021-02-16,213,15,Completed
1247,2020-09-11,222,3,Cancelled
1248,2023-05-23,298,8,Completed
1249,2022-11-27,408,6,Cancelled
1250,2021-07-21,9,17,Returned
1251,2023-06-13,480,3,Cancelled
1252,2024-05-20,168,2,Cancelled
1253,2022-11-05,52,18,Completed
1254,2020-07-20,467,2,Pending
1255,2023-09-28,452,11,Shipped
1256,2023-05-01,33,11,Shipped
1257,2023-07-12,313,15,Shipped
1258,2021-10-24,207,4,Pending
1259,2022-07-21,350,19,Shipped
1260,2022-07-28,83,4,Cancelled
1261,2020-09-14,426,20,Cancelled
1262,2020-06-25,315,7,Pending
1263,2022-11-29,318,11,Pending
1264,2023-10-13,271,15,Returned
1265,2023-01-28,329,13,Completed
1266,2021-11-05,144,14,Shipped
1267,2023-08-03,395,5,Shipped
1268,2022-07-23,309,3,Cancelled
1269,2020-03-03,288,7,Pending
1270,2021-11-22,213,3,Cancelled
1271,2022-09-28,224,18,Shipped
1272,2024-10-22,280,5,Returned
1273,2020-07-12,304,16,Cancelled
1274,2023-07-03,344,4,Pending
1275,2024-09-09,132,4,Completed
1276,2021-01-24,241,17,Cancelled
1277,2020-07-23,211,8,Pending
1278,2022-05-02,266,4,Shipped
1279,2020-10-22,451,8,Cancelled
1280,2020-05-02,28,11,Returned
1281,2021-09-08,129,19,Returned
1282,2024-10-01,261,12,Completed
1283,2024-03-01,244,15,Shipped
1284,2020-06-13,199,9,Completed
1285,2022-07-30,257,12,Returned
1286,2020-09-08,487,1,Pending
1287,2020-08-01,221,2,Completed
1288,2023-04-18,455,3,Returned
1289,2023-04-13,420,3,Completed
1290,2020-08-22,412,2,Completed
1291,2020-08-11,22,19,Cancelled
1292,2024-06-21,252,16,Pending
1293,2020-03-18,233,4,Cancelled
1294,2022-05-19,499,6,Pending
1295,2021-04-14,500,7,Returned
1296,2023-03-25,264,6,Completed
1297,2021-07-14,229,3,Returned
1298,2021-07-28,99,11,Completed
1299,2022-06-11,279,20,Shipped
1300,2021-03-21,405,11,Cancelled
1301,2022-02-17,186,6,Shipped
1302,2022-05-24,160,20,Completed
1303,2022-07-16,379,18,Completed
1304,2022-03-30,217,16,Returned
1305,2023-08-15,416,19,Cancelled
1306,2023-06-02,226,11,Pending
1307,2024-06-15,342,3,Completed
1308,2022-12-03,426,12,Shipped
1309,2021-06-11,11,20,Completed
1310,2021-09-20,303,10,Pending
1311,2022-11-16,360,16,Returned
1312,2022-05-11,36,4,Pending
1313,2020-06-21,297,5,Cancelled
1314,2023-09-25,487,3,Returned
1315,2023-01-03,395,17,Cancelled
1316,2020-01-22,333,2,Completed
1317,2023-05-18,97,6,Cancelled
1318,2024-10-12,142,5,Shipped
1319,2020-04-23,480,3,Pending
1320,2022-11-07,256,1,Completed
1321,2021-12-03,391,17,Completed
1322,2024-09-08,217,12,Completed
1323,2023-02-13,490,4,Cancelled
1324,2023-06-03,91,19,Shipped
1325,2021-05-03,466,5,Shipped
1326,2021-11-02,400,9,Cancelled
1327,2022-06-29,79,20,Returned
1328,2021-07-10,195,4,Cancelled
1329,2022-03-30,35,9,Pending
1330,2021-09-21,346,13,Pending
1331,2020-11-06,45,3,Shipped
1332,2020-10-22,159,20,Returned
1333,2022-10-27,101,14,Shipped
1334,2024-09-11,409,6,Cancelled
1335,2024-08-07,103,1,Completed
1336,2020-11-27,479,3,Returned
1337,2022-11-08,435,11,Completed
1338,2020-01-08,370,6,Pending
1339,2024-05-10,480,10,Cancelled
1340,2021-03-29,218,14,Cancelled
1341,2020-06-20,242,9,Cancelled
1342,2020-03-11,254,9,Completed
1343,2021-12-27,303,10,Returned
1344,2021-12-23,353,1,Pending
1345,2024-05-27,151,1,Shipped
1346,2020-03-26,362,9,Returned
1347,2024-05-28,275,3,Pending
1348,2021-08-25,416,13,Completed
1349,2021-09-11,265,3,Pending
1350,2023-06-13,137,11,Returned
1351,2024-11-20,485,16,Shipped
1352,2020-10-17,42,4,Cancelled
1353,2020-10-30,466,18,Cancelled
1354,2024-10-29,7,10,Returned
1355,2021-11-28,142,12,Cancelled
1356,2020-11-29,250,5,Returned
1357,2022-12-08,401,12,Returned
1358,2021-07-25,213,9,Cancelled
1359,2021-12-12,395,18,Cancelled
1360,2022-12-16,186,18,Pending
1361,2023-01-11,14,2,Cancelled
1362,2022-10-18,363,3,Returned
1363,2020-05-01,250,18,Completed
1364,2021-10-27,330,18,Shipped
1365,2021-12-01,418,1,Pending
1366,2021-03-31,308,17,Cancelled
1367,2020-04-14,40,6,Pending
1368,2023-07-11,291,17,Pending
1369,2021-07-01,275,4,Pending
1370,2021-07-19,27,3,Cancelled
1371,2022-08-15,408,1,Returned
1372,2024-05-08,197,17,Shipped
1373,2022-07-24,195,2,Shipped
1374,2022-07-11,461,2,Returned
1375,2021-10-18,477,7,Shipped
1376,2023-06-12,286,9,Completed
1377,2020-04-30,350,4,Completed
1378,2021-08-29,171,7,Completed
1379,2024-07-06,234,2,Completed
1380,2023-11-28,465,3,Returned
1381,2022-10-25,156,4,Completed
1382,2021-08-30,311,11,Cancelled
1383,2024-02-19,131,3,Returned
1384,2022-07-13,408,9,Pending
1385,2021-12-19,240,15,Shipped
1386,2022-06-11,364,19,Pending
1387,2024-10-28,189,20,Pending
1388,2023-07-31,304,4,Cancelled
1389,2023-08-11,188,15,Pending
1390,2024-07-31,76,9,Returned
1391,2021-04-09,196,7,Shipped
1392,2022-09-07,431,1,Cancelled
1393,2020-08-06,339,7,Returned
1394,2022-10-20,199,3,Shipped
1395,2024-08-25,190,18,Completed
1396,2021-02-04,474,20,Pending
1397,2022-06-18,213,10,Completed
1398,2022-09-11,244,4,Returned
1399,2020-09-02,406,17,Returned
1400,2023-07-15,442,19,Completed
1401,2023-03-15,420,9,Shipped
1402,2024-02-21,324,11,Pending
1403,2023-05-18,81,11,Shipped
1404,2023-11-13,305,3,Completed
1405,2021-09-09,400,14,Shipped
1406,2023-10-18,380,1,Pending
1407,2024-05-10,56,4,Completed
1408,2020-11-06,66,11,Shipped
1409,2023-03-17,245,18,Shipped
1410,2023-05-11,474,8,Completed
1411,2023-03-01,279,18,Completed
1412,2020-10-08,147,17,Cancelled
1413,2020-06-27,149,2,Returned
1414,2024-04-07,95,4,Cancelled
1415,2021-03-24,7,19,Shipped
1416,2020-07-03,337,20,Completed
1417,2024-07-11,217,8,Cancelled
1418,2023-09-29,154,8,Pending
1419,2023-08-30,247,5,Shipped
1420,2023-06-16,469,1,Returned
1421,2023-02-15,456,2,Completed
1422,2024-03-13,39,20,Shipped
1423,2022-10-18,83,9,Returned
1424,2024-09-16,213,18,Returned
1425,2023-07-22,34,16,Completed
1426,2023-06-26,237,7,Pending
1427,2022-06-18,60,10,Shipped
1428,2024-05-27,199,11,Returned
1429,2024-01-18,51,18,Shipped
1430,2022-06-20,378,12,Cancelled
1431,2022-01-30,278,16,Completed
1432,2023-07-22,185,20,Completed
1433,2023-05-22,384,16,Cancelled
1434,2022-04-01,143,5,Returned
1435,2022-11-28,247,11,Pending
1436,2021-09-30,20,10,Completed
1437,2023-05-29,20,19,Completed
1438,2023-07-27,335,3,Pending
1439,2024-10-09,237,8,Returned
1440,2020-09-18,441,4,Completed
1441,2020-10-19,367,12,Completed
1442,2020-01-24,210,6,Pending
1443,2022-09-17,233,18,Cancelled
1444,2021-04-30,168,1,Pending
1445,2021-01-23,436,4,Cancelled
1446,2022-07-11,490,3,Pending
1447,2022-03-23,41,3,Completed
1448,2022-01-12,435,3,Shipped
1449,2021-01-03,475,9,Pending
1450,2023-07-08,258,15,Returned
1451,2024-07-22,248,18,Cancelled
1452,2020-09-08,121,17,Pending
1453,2023-07-21,20,16,Cancelled
1454,2020-06-24,444,15,Pending
1455,2023-06-15,42,11,Pending
1456,2022-05-26,102,3,Shipped
1457,2022-01-29,211,7,Completed
1458,2023-03-04,215,17,Completed
1459,2022-12-24,226,17,Pending
1460,2020-07-01,386,10,Returned
1461,2020-03-19,162,18,Completed
1462,2023-07-27,352,10,Shipped
1463,2021-01-12,481,1,Pending
1464,2023-01-20,173,4,Returned
1465,2022-05-23,68,14,Shipped
1466,2021-04-17,164,16,Completed
1467,2021-07-24,86,17,Returned
1468,2020-08-14,31,4,Pending
1469,2024-07-05,354,1,Completed
1470,2021-05-30,14,2,Completed
1471,2021-05-16,129,18,Shipped
1472,2022-07-19,212,4,Pending
1473,2021-12-11,435,15,Shipped
1474,2021-02-02,419,10,Returned
1475,2022-05-09,463,13,Returned
1476,2021-02-24,433,11,Cancelled
1477,2022-06-16,203,1,Pending
1478,2021-04-09,420,5,Cancelled
1479,2023-08-18,152,12,Cancelled
1480,2022-07-18,78,14,Shipped
1481,2020-10-16,176,12,Cancelled
1482,2022-11-12,425,14,Returned
1483,2024-10-08,440,8,Completed
1484,2021-04-30,377,9,Cancelled
1485,2024-08-12,224,12,Completed
1486,2024-10-28,104,20,Shipped
1487,2024-06-29,266,8,Returned
1488,2024-01-30,234,4,Shipped
1489,2020-01-12,304,7,Pending
1490,2024-04-05,186,4,Pending
1491,2021-12-24,374,5,Cancelled
1492,2021-08-03,18,20,Returned
1493,2022-12-30,411,3,Shipped
1494,2023-02-07,418,1,Completed
1495,2022-05-25,152,20,Shipped
1496,2022-09-29,416,17,Shipped
1497,2022-06-21,355,14,Completed
1498,2023-03-25,52,8,Shipped
1499,2024-08-20,122,17,Cancelled
1500,2022-10-07,473,17,Pending
