order_item_id,order_id,product_id,quantity,price_per_unit
1,242,72,5,476.6
2,295,66,3,478.8
3,1390,8,2,877.35
4,218,31,3,99.42
5,175,38,4,769.98
6,429,85,2,429.08
7,212,67,1,623.84
8,550,36,1,975.16
9,1298,88,2,164.18
10,24,47,1,477.24
11,276,27,2,789.2
12,319,43,2,192.93
13,484,42,4,56.56
14,395,8,4,457.95
15,535,81,2,149.6
16,1329,91,4,526.94
17,1191,75,2,539.93
18,562,16,2,487.39
19,1073,91,3,372.38
20,690,50,1,590.44
21,56,38,4,377.26
22,1462,98,2,921.08
23,1176,67,4,48.61
24,988,41,5,626.04
25,66,92,1,38.56
26,21,62,5,314.89
27,311,50,2,528.86
28,1172,62,5,686.23
29,51,2,4,570.78
30,602,55,2,329.0
31,995,70,3,656.45
32,97,17,2,261.25
33,739,34,3,225.95
34,929,86,5,536.95
35,1094,65,1,703.43
36,174,34,1,931.55
37,938,47,4,729.04
38,321,76,1,925.47
39,712,63,5,30.03
40,1097,47,2,730.72
41,224,20,4,637.67
42,1035,87,3,886.6
43,24,56,2,583.1
44,1392,68,5,573.08
45,1396,56,2,176.22
46,322,74,1,225.6
47,237,65,1,274.26
48,784,29,2,978.49
49,1484,18,2,111.87
50,733,76,1,923.05
51,28,45,3,712.32
52,1079,43,1,540.51
53,267,72,5,775.6
54,137,16,3,558.74
55,107,97,3,760.73
56,435,98,1,69.19
57,1074,53,2,599.81
58,798,36,1,995.33
59,290,43,5,851.25
60,532,70,4,708.42
61,1393,25,4,746.48
62,1368,71,5,681.52
63,397,91,5,14.29
64,1044,48,2,26.02
65,816,54,1,240.88
66,146,73,1,689.61
67,1229,15,3,400.92
68,1475,34,5,286.8
69,1273,92,1,850.89
70,309,80,5,126.05
71,251,82,1,63.76
72,70,82,4,365.9
73,956,25,3,897.15
74,655,72,2,946.16
75,681,61,3,43.13
76,535,98,3,156.08
77,851,23,4,810.16
78,1015,91,2,134.46
79,1458,86,3,838.92
80,925,3,5,825.68
81,1082,38,2,510.84
82,326,56,2,544.25
83,46,54,1,591.58
84,1444,55,5,812.7
85,636,84,4,569.53
86,1254,51,5,20.79
87,87,48,4,562.94
88,208,85,1,685.38
89,280,19,1,629.77
90,1457,72,5,666.8
91,515,53,5,574.21
92,365,57,3,236.78
93,506,58,3,187.39
94,1293,46,3,362.56
95,1229,36,3,987.53
96,652,86,1,128.27
97,216,96,3,990.91
98,1455,49,4,924.43
99,1153,14,2,881.07
100,720,11,4,164.09
101,1446,41,2,201.01
102,502,62,2,909.22
103,479,78,2,107.9
104,1047,22,2,452.45
105,678,45,5,326.77
106,9,100,4,308.49
107,636,96,5,211.19
108,346,55,5,269.98
109,1283,24,2,942.37
110,444,42,2,44.13
111,1494,43,4,637.13
112,90,50,1,42.38
113,1094,12,5,831.56
114,693,27,1,681.41
115,797,96,2,859.46
116,931,54,2,177.13
117,63,69,4,310.27
118,727,81,4,587.68
119,958,16,2,824.83
120,1342,66,5,42.36
121,18,55,3,373.87
122,911,2,1,8.58
123,329,30,1,967.33
124,1497,34,5,751.98
125,991,81,2,931.01
126,1338,90,4,259.2
127,1338,22,1,289.66
128,537,32,2,187.23
129,298,83,2,403.06
130,1308,46,5,549.64
131,1388,74,5,635.12
132,442,73,2,298.12
133,1487,23,2,190.15
134,579,69,1,262.08
135,1476,31,2,532.36
136,846,98,1,254.52
137,1423,53,5,12.26
138,1086,7,1,578.26
139,104,35,2,235.75
140,183,24,2,816.82
141,1054,88,5,392.85
142,1167,9,4,923.65
143,903,98,3,675.25
144,844,90,5,86.74
145,1309,48,5,234.89
146,60,56,2,522.75
147,11,63,5,801.75
148,102,57,5,680.87
149,755,12,2,783.78
150,1361,80,5,164.87
151,1071,17,2,818.93
152,1067,34,5,378.61
153,515,46,5,587.1
154,1175,49,4,69.67
155,280,32,5,991.76
156,1446,96,4,38.25
157,204,97,2,180.22
158,636,82,1,979.75
159,1355,34,5,463.06
160,80,84,2,587.59
161,1481,60,3,249.31
162,1038,25,4,305.56
163,1005,75,3,866.09
164,711,24,3,603.23
165,1194,11,1,182.64
166,94,35,2,263.94
167,1141,79,5,516.44
168,647,1,4,790.54
169,1259,67,5,41.15
170,34,64,1,585.58
171,176,78,1,773.36
172,1348,57,5,190.24
173,587,96,3,10.09
174,303,38,4,715.62
175,1149,50,2,112.44
176,120,24,4,669.54
177,1322,67,5,51.47
178,992,93,3,211.99
179,1076,17,4,755.66
180,38,41,3,706.13
181,464,39,3,492.59
182,651,94,1,331.76
183,927,74,3,388.82
184,764,77,2,282.74
185,633,54,3,465.88
186,1461,2,2,693.91
187,246,8,4,820.03
188,1273,96,1,797.15
189,951,57,4,643.25
190,413,97,4,245.81
191,1465,80,5,259.41
192,1044,79,2,303.49
193,12,31,3,851.75
194,1113,61,2,923.03
195,262,11,5,257.93
196,568,41,3,120.7
197,1038,99,3,225.7
198,66,80,5,756.14
199,327,59,3,408.91
200,469,59,5,739.55
201,1285,54,3,121.16
202,223,76,4,394.46
203,259,85,5,124.39
204,691,27,1,906.15
205,638,12,2,522.13
206,1434,22,4,734.36
207,742,80,2,484.2
208,1191,92,2,854.1
209,1224,48,2,305.13
210,1357,32,1,15.9
211,372,96,5,347.62
212,967,12,5,526.18
213,1019,64,4,53.66
214,31,93,1,994.11
215,294,95,4,736.06
216,665,60,2,868.98
217,195,4,4,140.93
218,196,16,5,622.4
219,969,77,4,160.66
220,862,41,3,846.79
221,849,72,4,241.4
222,1280,9,1,692.31
223,486,85,5,296.84
224,1258,96,2,669.44
225,513,95,1,611.92
226,1408,19,5,51.2
227,1360,48,3,575.53
228,545,31,5,906.35
229,857,61,3,832.34
230,600,45,2,886.66
231,343,85,5,275.68
232,861,38,3,978.12
233,393,16,4,499.13
234,1433,55,2,762.55
235,516,80,2,33.16
236,226,98,5,225.78
237,1017,70,4,778.73
238,234,47,2,213.08
239,995,12,1,529.05
240,363,7,4,896.42
241,701,76,1,367.11
242,650,85,4,956.43
243,282,99,5,681.99
244,824,76,1,436.03
245,1081,34,5,758.17
246,848,88,4,667.46
247,1195,15,4,205.31
248,280,76,5,548.34
249,321,39,5,355.93
250,773,64,1,829.83
251,998,23,5,211.73
252,918,32,1,804.47
253,1387,94,4,543.28
254,1226,52,1,690.94
255,259,97,1,918.99
256,464,26,1,151.65
257,144,33,2,591.71
258,273,78,3,204.53
259,903,35,1,840.34
260,560,73,2,324.26
261,1380,41,4,306.42
262,1087,25,4,268.53
263,648,29,5,605.09
264,830,67,3,538.45
265,77,11,5,614.38
266,883,38,4,775.95
267,843,9,5,775.04
268,602,4,3,191.49
269,1138,15,1,462.94
270,895,95,5,823.95
271,791,23,4,895.62
272,805,25,5,934.93
273,59,76,5,253.6
274,255,22,5,985.78
275,23,15,4,208.9
276,1068,9,5,841.13
277,422,71,1,43.2
278,143,71,2,66.91
279,1361,69,4,526.43
280,498,33,4,369.23
281,431,74,5,387.68
282,69,94,3,643.53
283,604,40,1,675.7
284,674,99,5,521.62
285,331,21,3,881.18
286,1312,77,5,531.88
287,670,9,5,638.3
288,119,18,2,204.98
289,1438,9,4,114.7
290,1475,27,2,593.63
291,966,30,5,499.17
292,541,35,4,663.19
293,1352,89,5,617.34
294,1069,95,1,114.78
295,740,99,4,166.74
296,238,88,1,562.24
297,501,36,3,456.91
298,930,98,1,992.14
299,710,54,2,386.19
300,974,80,1,705.46
301,1270,87,4,976.09
302,1137,18,3,753.34
303,1198,12,5,292.47
304,1406,5,2,138.73
305,812,40,5,127.25
306,1303,27,4,526.06
307,104,58,5,647.9
308,1234,39,2,540.13
309,1457,15,4,82.56
310,1338,38,3,35.18
311,1476,78,3,83.46
312,1330,36,3,263.64
313,337,65,4,103.7
314,314,26,4,109.75
315,942,84,5,354.3
316,1019,22,2,859.1
317,1217,54,5,714.18
318,671,38,1,345.42
319,1186,11,4,959.74
320,129,22,2,512.35
321,316,65,2,903.33
322,1471,18,4,635.95
323,11,6,1,635.38
324,1203,66,3,736.02
325,588,65,2,542.45
326,1191,7,2,82.15
327,1168,60,1,469.7
328,885,9,2,664.94
329,978,4,3,825.81
330,224,69,5,141.49
331,1194,15,1,121.66
332,1178,19,3,952.49
333,1487,29,4,756.69
334,219,24,2,367.58
335,537,100,2,227.59
336,582,59,1,568.02
337,1207,14,5,236.32
338,799,62,4,568.76
339,625,34,2,535.34
340,634,1,5,439.74
341,618,91,4,484.09
342,589,8,1,361.46
343,1202,76,2,778.97
344,29,20,4,788.96
345,519,46,1,144.21
346,1394,63,1,341.83
347,470,36,4,972.95
348,1182,94,1,670.13
349,1327,71,4,261.44
350,1029,66,4,469.36
351,809,63,3,228.81
352,672,69,3,330.23
353,182,14,3,512.09
354,933,35,4,289.51
355,825,53,3,192.32
356,441,100,2,17.78
357,293,27,1,491.13
358,1338,16,3,959.53
359,290,28,3,899.61
360,448,86,5,912.74
361,672,58,3,10.32
362,110,92,5,450.12
363,204,81,3,868.67
364,1102,9,1,222.19
365,730,16,5,230.69
366,1443,96,4,939.81
367,1013,81,5,88.4
368,1401,27,5,624.9
369,1083,57,4,685.09
370,1198,64,4,286.34
371,675,72,3,890.79
372,919,69,1,358.15
373,1388,68,3,269.86
374,611,60,3,95.88
375,642,20,2,678.02
376,365,26,3,999.03
377,1142,51,2,351.49
378,455,45,5,299.65
379,625,50,3,533.07
380,337,50,4,310.05
381,1168,93,3,929.16
382,402,24,5,610.83
383,652,82,5,44.3
384,589,10,2,684.5
385,127,5,4,735.06
386,1334,39,2,303.04
387,588,47,3,474.8
388,1156,93,1,805.38
389,1415,67,4,764.14
390,1346,12,1,683.67
391,1387,4,2,516.24
392,96,7,2,210.88
393,1138,31,4,318.28
394,1270,24,2,151.11
395,306,75,2,613.8
396,964,22,3,57.42
397,555,88,1,846.66
398,1402,74,1,447.36
399,759,92,2,98.64
400,807,75,5,237.3
401,418,82,2,433.96
402,751,97,5,286.93
403,749,25,3,851.48
404,589,40,1,409.18
405,1368,100,1,46.5
406,1049,8,2,95.48
407,616,65,4,149.42
408,299,96,1,350.37
409,1399,37,3,624.5
410,1056,58,5,10.84
411,1356,26,3,665.34
412,804,75,3,688.73
413,1186,2,2,299.01
414,370,86,1,460.89
415,284,10,1,351.35
416,1164,85,4,570.9
417,282,39,2,835.79
418,439,73,3,817.88
419,900,37,3,133.27
420,1202,51,3,761.07
421,719,91,3,610.26
422,459,64,5,930.55
423,1299,21,2,188.21
424,379,46,4,583.4
425,1129,79,2,43.05
426,471,89,2,855.39
427,321,9,1,66.0
428,81,33,5,186.23
429,1002,32,3,520.08
430,199,47,4,551.95
431,1036,82,2,257.7
432,708,24,5,574.6
433,79,91,2,434.98
434,319,92,2,39.49
435,1203,14,1,251.34
436,375,11,2,557.41
437,16,6,3,448.89
438,316,61,5,511.53
439,1180,1,4,332.39
440,1072,98,5,598.73
441,1104,11,3,564.82
442,1337,39,4,494.89
443,1239,97,5,720.11
444,180,56,1,649.04
445,1309,78,5,997.18
446,1070,3,5,70.13
447,1263,1,3,982.68
448,97,54,4,855.06
449,1377,12,1,51.24
450,1047,96,2,623.65
451,1027,68,1,196.23
452,992,29,2,658.31
453,480,18,2,578.42
454,347,1,1,812.23
455,219,59,4,196.53
456,703,42,5,16.9
457,1117,99,3,560.6
458,887,31,5,639.3
459,20,45,5,613.19
460,1361,13,5,168.81
461,248,49,5,684.14
462,350,90,5,624.26
463,804,24,2,760.32
464,582,79,2,6.58
465,45,79,2,79.55
466,490,77,1,363.11
467,1090,37,3,508.01
468,503,63,1,159.0
469,65,17,4,960.76
470,895,75,5,623.36
471,1387,28,4,8.45
472,375,17,2,500.82
473,508,59,5,944.19
474,767,37,1,337.01
475,1307,99,4,804.76
476,1043,75,2,801.37
477,932,18,4,960.56
478,16,58,1,803.36
479,313,52,4,930.9
480,641,21,3,424.08
481,221,45,3,393.51
482,418,6,2,986.68
483,122,14,3,267.38
484,332,7,3,848.6
485,656,15,3,112.35
486,578,56,5,522.97
487,336,52,1,474.37
488,494,2,5,348.21
489,244,74,4,955.82
490,1212,84,1,737.39
491,1076,31,4,412.29
492,1320,10,5,822.73
493,1165,96,2,686.71
494,228,85,5,67.39
495,455,59,2,854.5
496,203,84,4,811.12
497,1445,10,1,81.27
498,376,35,5,539.81
499,378,54,2,323.12
500,240,60,2,164.59
501,336,71,2,289.71
502,1374,36,4,269.34
503,315,11,5,547.46
504,319,50,5,193.2
505,749,21,3,391.36
506,48,94,2,455.85
507,1072,73,1,904.54
508,917,54,3,628.34
509,886,90,1,117.98
510,616,69,3,650.15
511,790,9,5,653.8
512,1078,96,5,59.9
513,540,27,5,114.68
514,1275,97,2,592.28
515,607,41,1,270.72
516,939,1,3,576.48
517,1258,87,4,828.28
518,1298,81,3,918.57
519,540,37,1,615.88
520,920,16,2,413.19
521,90,69,1,357.0
522,98,87,1,612.74
523,345,10,4,260.56
524,1072,42,1,647.56
525,152,60,2,526.18
526,507,63,3,408.99
527,1002,82,1,724.06
528,1416,98,3,124.81
529,1303,76,4,265.86
530,98,87,3,849.91
531,299,11,5,469.38
532,1223,74,4,212.81
533,1063,22,3,12.29
534,158,27,4,994.01
535,452,30,1,452.31
536,330,20,4,347.87
537,1435,66,4,779.1
538,131,43,2,263.88
539,64,53,2,826.43
540,1398,3,3,359.97
541,1043,97,2,689.15
542,1114,56,3,820.44
543,139,84,5,737.63
544,760,70,5,836.65
545,1494,15,3,602.13
546,937,38,4,730.56
547,242,17,4,815.78
548,1198,60,3,588.89
549,433,32,2,172.59
550,1126,55,4,748.77
551,993,50,4,700.72
552,1225,34,5,540.05
553,539,48,1,474.11
554,897,71,4,665.5
555,42,95,5,780.17
556,36,87,1,759.75
557,1382,52,5,511.8
558,243,74,5,370.17
559,816,60,1,614.47
560,221,57,4,615.22
561,852,82,5,391.43
562,766,14,2,805.8
563,1179,7,1,555.62
564,1205,47,4,469.81
565,335,42,1,787.76
566,1100,22,3,55.13
567,380,98,5,567.7
568,47,42,2,723.55
569,1029,33,2,825.5
570,211,35,5,535.05
571,1222,84,2,355.66
572,889,82,2,175.71
573,309,64,4,954.51
574,1207,39,2,152.27
575,1095,67,3,607.04
576,1235,24,4,824.49
577,301,52,3,37.81
578,805,54,1,20.1
579,439,75,5,170.11
580,280,60,5,12.42
581,759,12,1,204.05
582,1198,12,2,306.03
583,225,80,1,113.31
584,149,76,3,273.45
585,215,87,2,176.45
586,1026,31,5,805.48
587,327,16,4,99.02
588,1102,57,3,159.15
589,495,32,1,413.38
590,11,90,3,576.52
591,798,2,1,875.07
592,1428,78,3,17.23
593,246,24,4,200.1
594,1328,74,1,434.29
595,881,86,4,11.5
596,445,53,4,383.39
597,39,47,4,208.72
598,1159,13,1,181.89
599,661,68,1,783.13
600,375,91,1,867.56
601,1085,82,1,589.84
602,785,63,5,748.88
603,149,25,1,281.0
604,945,16,4,451.14
605,872,47,2,359.28
606,665,56,3,426.45
607,210,93,4,562.63
608,844,2,2,914.25
609,1355,17,2,605.61
610,1339,3,3,323.32
611,479,26,4,381.58
612,1472,34,3,40.81
613,186,85,4,431.82
614,196,81,3,303.85
615,1426,1,4,716.46
616,457,83,5,645.6
617,733,37,4,509.56
618,1388,96,2,739.66
619,888,57,4,144.1
620,227,82,3,716.85
621,488,83,1,479.45
622,1288,35,1,309.92
623,406,27,1,668.54
624,269,94,5,817.53
625,771,51,5,753.73
626,574,62,2,566.15
627,950,13,2,133.3
628,1142,4,4,891.69
629,250,28,1,770.58
630,830,77,2,482.75
631,1368,35,1,461.81
632,1496,57,5,834.65
633,595,2,2,515.1
634,77,91,5,360.6
635,148,93,1,158.79
636,451,43,4,93.47
637,1280,92,1,829.38
638,1059,48,3,668.63
639,1434,23,2,416.34
640,633,25,3,657.47
641,615,38,3,247.15
642,873,61,4,476.1
643,1405,71,2,436.86
644,981,74,4,664.11
645,537,6,4,857.09
646,1346,17,1,428.13
647,561,2,3,123.48
648,1100,50,3,238.28
649,214,32,5,505.49
650,596,100,4,947.94
651,887,95,1,557.52
652,109,37,1,593.3
653,392,78,1,344.28
654,247,88,1,839.06
655,1078,25,4,974.59
656,307,78,1,61.68
657,1092,95,3,359.58
658,764,57,1,774.94
659,1428,63,4,381.15
660,509,16,3,807.28
661,1339,70,1,616.43
662,1096,39,3,504.39
663,285,79,4,330.76
664,675,19,4,841.39
665,1301,36,2,561.38
666,806,78,3,914.36
667,933,20,2,122.57
668,1040,50,1,839.57
669,368,64,5,160.53
670,299,68,5,580.68
671,499,53,4,57.75
672,585,3,4,534.75
673,1021,64,4,730.77
674,649,88,1,697.61
675,814,24,2,627.51
676,417,68,1,912.86
677,1107,58,1,643.42
678,429,17,2,686.95
679,1463,3,1,712.22
680,415,20,4,603.09
681,831,32,4,642.06
682,1190,5,1,649.29
683,740,84,1,868.51
684,397,45,3,244.21
685,526,92,4,697.88
686,661,22,4,416.87
687,137,51,2,208.54
688,430,52,2,904.36
689,391,1,1,193.1
690,1244,88,5,611.3
691,1405,87,2,588.92
692,298,99,5,424.92
693,516,33,4,694.63
694,954,17,2,830.89
695,755,63,1,103.96
696,801,31,4,156.96
697,518,20,4,297.15
698,843,30,3,256.84
699,473,79,5,306.41
700,1021,36,3,290.53
701,799,36,3,798.35
702,1410,76,5,733.11
703,1086,61,4,837.76
704,846,99,3,131.06
705,11,85,5,367.11
706,1432,32,3,261.62
707,1216,69,2,211.21
708,319,97,2,413.06
709,1428,60,5,837.32
710,134,44,5,125.4
711,538,54,5,466.44
712,1445,84,3,964.81
713,160,69,4,594.28
714,1024,4,5,29.73
715,725,93,2,943.07
716,81,48,4,159.23
717,1161,23,1,697.75
718,1130,24,3,610.67
719,1497,78,5,867.64
720,500,3,3,460.45
721,1111,29,1,523.49
722,1064,85,5,916.07
723,1314,62,5,101.78
724,1439,33,3,539.17
725,1317,3,5,140.59
726,1049,70,4,895.08
727,975,15,5,209.68
728,1199,88,1,335.55
729,25,68,4,159.3
730,195,72,2,310.16
731,570,71,4,576.45
732,585,69,1,456.96
733,921,31,1,708.1
734,962,96,5,724.44
735,326,25,1,934.32
736,854,67,5,167.31
737,377,56,1,986.26
738,1053,48,3,449.28
739,1467,78,2,750.62
740,1226,25,3,106.3
741,1003,99,2,286.96
742,791,65,5,777.6
743,631,54,5,200.07
744,1052,95,2,833.68
745,1141,9,3,831.44
746,133,50,5,887.41
747,964,70,1,583.33
748,896,58,5,275.32
749,315,41,4,46.99
750,1350,34,2,154.72
751,280,20,4,918.94
752,138,15,1,812.73
753,162,22,4,922.85
754,476,10,2,897.8
755,1058,10,4,496.53
756,1136,82,4,355.43
757,1174,75,2,882.54
758,375,64,5,629.19
759,799,54,5,958.67
760,139,76,5,626.55
761,1159,3,4,512.6
762,947,77,4,992.56
763,772,79,5,30.83
764,1277,5,2,504.09
765,941,69,5,925.96
766,1496,6,1,926.81
767,713,88,5,501.58
768,912,22,3,233.34
769,1294,2,4,835.52
770,1056,9,4,231.03
771,1192,11,5,590.62
772,1390,85,3,811.22
773,359,4,5,872.78
774,271,95,2,558.45
775,1313,84,5,52.52
776,1153,56,1,951.33
777,599,92,3,146.72
778,1404,24,5,743.71
779,1446,40,5,674.14
780,570,66,2,692.41
781,480,75,2,295.52
782,110,86,4,503.4
783,1244,19,5,586.99
784,871,52,5,881.09
785,1036,22,4,824.42
786,1448,22,1,137.96
787,823,13,5,47.48
788,944,5,4,384.34
789,910,55,4,121.7
790,565,69,5,233.86
791,474,12,2,453.35
792,1288,38,1,573.94
793,766,81,2,252.92
794,253,57,3,124.05
795,1141,44,3,25.35
796,446,92,5,245.26
797,1142,93,5,913.77
798,102,5,4,697.62
799,259,6,1,367.47
800,822,96,2,627.46
801,458,38,3,12.9
802,405,30,4,404.98
803,614,32,1,819.85
804,665,98,1,946.33
805,632,4,2,922.92
806,1167,34,5,566.55
807,1069,72,4,370.25
808,633,62,5,786.45
809,684,64,3,532.77
810,735,55,1,631.21
811,862,75,3,126.59
812,719,49,3,211.88
813,906,24,1,938.15
814,311,42,3,991.72
815,896,25,2,582.7
816,307,25,1,675.26
817,1090,44,1,446.27
818,1255,27,5,345.11
819,1192,47,2,349.62
820,1275,43,4,866.91
821,1398,17,2,341.6
822,348,19,3,796.49
823,1292,24,1,99.15
824,434,37,4,265.44
825,968,35,4,441.49
826,541,78,2,173.45
827,1074,32,2,833.66
828,57,74,5,334.96
829,119,49,3,556.45
830,906,65,1,846.22
831,865,31,3,29.06
832,1269,1,5,957.7
833,70,94,2,416.29
834,1138,92,2,899.6
835,1385,61,3,616.97
836,1056,24,5,341.07
837,1435,50,2,238.24
838,552,39,5,175.77
839,398,9,2,541.59
840,1425,32,3,753.0
841,1424,23,5,965.81
842,418,93,2,844.61
843,352,97,4,811.97
844,444,32,2,956.68
845,648,20,1,284.76
846,961,68,1,94.94
847,819,72,3,692.13
848,258,83,3,276.39
849,142,85,5,26.03
850,1422,4,3,52.75
851,102,28,1,716.54
852,256,48,3,452.42
853,809,49,5,365.86
854,367,21,3,171.59
855,311,2,2,96.82
856,1424,80,3,997.01
857,1092,29,3,353.9
858,1232,82,5,332.2
859,1149,54,4,615.84
860,617,35,1,310.06
861,1159,97,4,673.36
862,634,57,3,806.92
863,853,61,4,472.97
864,1146,79,5,601.46
865,230,70,2,188.89
866,267,94,3,534.88
867,1105,28,4,916.6
868,712,15,5,207.91
869,986,60,3,458.95
870,1041,46,3,904.06
871,1017,83,4,959.3
872,515,33,4,131.91
873,556,2,1,275.03
874,818,3,1,786.18
875,214,45,2,240.82
876,1317,61,3,528.84
877,1373,81,2,915.93
878,377,36,1,719.95
879,495,16,2,980.43
880,603,83,3,168.81
881,1327,98,5,670.41
882,481,14,1,79.25
883,873,20,2,16.41
884,433,62,4,369.39
885,1371,70,4,38.91
886,365,51,2,799.74
887,296,27,3,217.7
888,871,80,3,41.17
889,648,66,3,229.19
890,1268,9,3,187.32
891,1345,96,2,599.67
892,206,70,4,574.7
893,843,44,3,980.77
894,311,29,4,25.04
895,1213,70,5,363.09
896,83,80,5,281.89
897,1329,35,2,752.18
898,1095,99,3,741.3
899,1278,11,4,43.71
900,1347,89,3,246.87
901,1119,35,2,310.39
902,75,73,2,264.1
903,812,79,4,647.68
904,991,35,5,478.06
905,786,80,1,129.87
906,992,14,1,618.81
907,158,71,5,139.88
908,415,39,2,462.38
909,622,19,2,360.67
910,128,9,1,592.73
911,186,49,5,650.35
912,1093,63,4,419.38
913,769,86,2,970.81
914,1331,4,1,787.9
915,921,74,1,709.03
916,1292,20,5,865.18
917,36,60,3,124.05
918,931,48,1,696.89
919,740,73,1,461.49
920,392,6,3,821.96
921,796,39,1,767.99
922,115,47,3,861.14
923,756,20,2,790.6
924,227,5,1,237.56
925,961,44,3,993.04
926,1324,74,5,552.07
927,793,97,4,546.61
928,1407,24,2,197.8
929,220,28,2,775.32
930,949,59,4,644.99
931,467,85,4,198.34
932,1491,54,3,965.46
933,861,53,1,354.35
934,501,99,5,43.54
935,102,47,2,378.91
936,581,81,4,114.97
937,1355,97,1,741.86
938,1345,4,4,270.57
939,1272,26,4,271.09
940,219,17,2,893.62
941,672,4,1,972.74
942,232,100,5,915.77
943,882,59,2,916.07
944,287,74,3,542.89
945,174,92,1,434.72
946,181,3,1,40.09
947,216,9,3,183.45
948,671,40,3,337.2
949,917,88,2,938.54
950,426,44,2,600.54
951,1052,52,2,147.64
952,700,67,5,50.64
953,1289,20,4,364.48
954,252,32,4,105.21
955,590,61,1,175.96
956,517,90,4,590.58
957,1332,20,1,667.09
958,1360,38,4,999.54
959,1279,21,2,560.07
960,391,16,4,505.01
961,733,27,3,628.95
962,295,80,4,256.08
963,984,76,5,866.86
964,473,62,4,375.82
965,1440,61,3,982.51
966,531,80,2,576.0
967,229,58,5,773.11
968,550,98,3,790.29
969,1094,17,2,202.73
970,763,64,3,786.97
971,1012,56,5,822.99
972,506,4,5,586.56
973,1193,41,1,292.05
974,91,50,1,288.96
975,1058,3,5,667.26
976,412,52,4,715.88
977,562,54,5,433.77
978,774,99,4,41.92
979,694,4,4,939.13
980,916,96,4,105.01
981,644,26,4,122.07
982,176,24,3,410.18
983,915,26,3,74.52
984,584,97,1,803.51
985,664,90,4,692.04
986,1315,16,3,8.92
987,978,19,1,958.5
988,1433,74,1,432.57
989,851,43,4,829.71
990,76,37,1,545.16
991,980,20,5,778.42
992,1100,3,4,735.18
993,899,81,4,693.91
994,629,49,4,333.0
995,1466,68,5,856.6
996,1261,92,4,492.7
997,935,47,3,114.35
998,513,94,5,771.48
999,287,23,3,337.8
1000,359,59,3,972.69
1001,369,44,3,919.77
1002,600,47,4,804.31
1003,1208,71,2,861.1
1004,1057,13,2,972.7
1005,64,6,2,742.71
1006,325,7,1,469.79
1007,86,98,2,811.5
1008,1079,61,1,803.26
1009,787,61,3,845.55
1010,695,58,3,206.35
1011,775,17,1,991.25
1012,1185,86,1,408.26
1013,1421,42,2,270.14
1014,523,34,5,788.32
1015,898,17,1,116.8
1016,1277,2,3,130.03
1017,161,95,5,431.9
1018,868,50,5,35.12
1019,346,81,4,622.05
1020,114,37,2,907.84
1021,1057,49,2,128.07
1022,842,59,5,424.02
1023,572,12,1,811.37
1024,83,89,4,684.7
1025,608,33,2,158.41
1026,1381,75,2,792.47
1027,446,22,4,529.84
1028,762,62,1,752.08
1029,1292,28,4,729.99
1030,1182,97,2,824.96
1031,1359,61,5,942.29
1032,126,73,4,601.59
1033,1362,38,3,800.13
1034,97,35,3,493.55
1035,1326,27,3,480.06
1036,862,91,1,418.67
1037,529,80,1,707.23
1038,704,79,4,767.91
1039,30,65,3,515.33
1040,790,51,2,818.01
1041,55,8,4,887.41
1042,1042,4,1,563.47
1043,1037,99,3,288.38
1044,1106,71,3,733.93
1045,379,45,2,84.92
1046,27,21,1,833.85
1047,582,32,2,814.96
1048,1367,33,4,889.71
1049,737,95,4,711.07
1050,1130,51,2,681.92
1051,916,34,4,353.04
1052,185,11,2,358.07
1053,46,78,5,54.74
1054,1298,20,2,336.48
1055,281,16,1,242.09
1056,253,4,1,282.91
1057,286,37,3,721.81
1058,829,15,1,648.91
1059,226,85,2,396.4
1060,635,67,3,851.0
1061,1423,29,1,641.68
1062,691,61,1,174.53
1063,10,6,5,383.3
1064,76,4,1,152.65
1065,1,24,1,185.67
1066,239,41,2,851.27
1067,335,72,3,610.05
1068,344,76,3,590.55
1069,753,56,1,278.46
1070,304,63,2,26.52
1071,1235,11,5,79.84
1072,1459,60,4,652.19
1073,41,10,3,997.9
1074,1468,85,2,29.83
1075,143,68,2,886.79
1076,917,62,4,239.37
1077,492,39,3,691.86
1078,214,20,3,464.27
1079,1056,44,5,346.22
1080,470,65,5,763.35
1081,1274,45,3,423.73
1082,168,72,1,751.97
1083,82,18,2,78.58
1084,954,39,2,235.7
1085,711,58,5,146.39
1086,1388,82,5,542.08
1087,755,72,3,957.73
1088,380,44,4,63.68
1089,347,45,4,793.14
1090,1307,82,4,804.15
1091,234,61,5,829.54
1092,1379,35,1,852.77
1093,553,100,1,192.82
1094,848,57,3,459.87
1095,371,82,3,809.17
1096,257,22,2,895.85
1097,558,20,4,872.82
1098,658,45,1,568.58
1099,1416,25,5,120.34
1100,700,77,4,426.18
1101,40,30,4,788.43
1102,1032,5,5,793.19
1103,1302,62,1,318.45
1104,1211,71,5,604.87
1105,982,3,3,471.89
1106,828,10,1,555.58
1107,883,77,3,894.06
1108,687,85,3,873.74
1109,149,95,1,757.57
1110,135,16,4,307.65
1111,1093,77,2,271.34
1112,199,38,3,662.87
1113,872,18,1,958.55
1114,503,11,3,794.38
1115,523,73,4,810.39
1116,499,88,1,763.02
1117,1430,8,2,317.04
1118,632,48,3,691.23
1119,1344,61,4,208.73
1120,1173,79,3,999.62
1121,1248,95,2,418.79
1122,986,32,2,321.76
1123,259,37,3,712.5
1124,1202,19,3,326.77
1125,140,10,3,750.46
1126,191,54,1,506.82
1127,1163,63,5,983.63
1128,785,41,3,867.04
1129,1164,68,2,793.22
1130,463,37,5,969.39
1131,468,31,5,222.98
1132,1299,71,5,369.34
1133,344,77,4,888.86
1134,187,52,4,88.31
1135,177,96,5,148.08
1136,116,29,4,531.86
1137,1394,19,4,639.56
1138,983,29,5,860.82
1139,1429,34,1,504.96
1140,1162,49,4,512.24
1141,15,54,3,909.53
1142,1469,41,1,655.25
1143,1212,53,3,709.83
1144,532,79,1,289.99
1145,1446,66,2,107.08
1146,611,31,2,891.51
1147,815,57,2,397.37
1148,550,30,3,70.28
1149,1202,96,1,714.7
1150,768,64,5,70.88
1151,1026,83,3,219.25
1152,804,14,4,423.02
1153,1185,31,5,357.11
1154,624,10,3,681.11
1155,946,62,5,723.43
1156,518,11,5,905.62
1157,535,16,2,775.97
1158,123,88,2,328.97
1159,1319,81,3,951.21
1160,1320,68,2,751.29
1161,111,65,3,865.82
1162,722,22,2,441.22
1163,243,72,5,962.73
1164,525,64,2,105.7
1165,1287,62,4,966.35
1166,208,8,5,237.46
1167,245,28,2,435.91
1168,881,74,3,302.05
1169,1029,70,5,280.02
1170,908,49,5,941.84
1171,829,45,2,723.07
1172,381,11,3,503.01
1173,1197,6,4,207.57
1174,831,41,1,810.76
1175,932,86,5,137.97
1176,868,23,2,180.12
1177,379,5,5,912.52
1178,96,73,2,923.12
1179,476,71,2,990.69
1180,580,13,1,317.15
1181,663,15,3,70.08
1182,882,70,1,221.88
1183,809,17,5,700.98
1184,402,3,5,433.14
1185,385,61,4,273.45
1186,593,42,5,832.09
1187,1269,10,4,757.0
1188,710,35,4,51.61
1189,1426,84,4,116.28
1190,1435,69,1,103.5
1191,675,64,3,457.08
1192,1208,38,3,712.84
1193,560,4,2,244.06
1194,1287,50,3,201.26
1195,10,19,3,486.39
1196,962,42,2,631.11
1197,519,57,4,209.16
1198,280,15,5,893.01
1199,397,94,2,960.8
1200,1368,55,3,124.37
1201,816,14,5,920.32
1202,229,62,5,955.94
1203,106,32,3,293.72
1204,821,4,1,320.33
1205,822,59,1,887.89
1206,599,54,3,532.59
1207,1090,66,3,717.19
1208,156,81,4,143.85
1209,1155,26,1,938.09
1210,1349,69,4,304.65
1211,465,60,3,299.17
1212,606,96,5,427.77
1213,625,28,5,634.47
1214,1056,100,2,446.59
1215,709,92,3,26.87
1216,462,37,3,539.77
1217,1468,8,4,647.75
1218,315,23,4,583.97
1219,1024,95,4,151.62
1220,994,7,5,181.05
1221,1391,99,2,99.53
1222,4,40,3,594.54
1223,636,64,3,983.82
1224,199,1,3,560.63
1225,1306,95,5,534.6
1226,1428,31,5,977.38
1227,1124,42,5,928.08
1228,1358,32,1,810.33
1229,1412,60,1,91.88
1230,1247,76,5,420.52
1231,593,82,4,243.9
1232,1453,96,4,512.57
1233,337,30,5,261.18
1234,1302,84,2,868.15
1235,1258,27,3,43.18
1236,1264,32,1,823.01
1237,302,54,2,579.83
1238,558,47,5,485.73
1239,818,97,5,45.86
1240,235,4,3,745.4
1241,780,73,1,922.93
1242,1048,45,4,879.08
1243,635,7,1,454.86
1244,428,41,4,705.7
1245,850,90,1,947.91
1246,1232,54,3,851.44
1247,579,40,5,606.08
1248,846,46,3,868.6
1249,755,85,3,529.5
1250,888,22,3,444.71
1251,691,14,1,22.38
1252,428,54,5,976.34
1253,15,93,2,457.94
1254,1353,27,3,292.35
1255,406,65,4,419.92
1256,414,20,3,603.72
1257,1374,82,3,474.03
1258,1420,65,1,278.16
1259,249,80,3,763.53
1260,260,14,4,244.48
1261,1388,57,2,180.04
1262,1031,16,2,388.4
1263,1070,87,2,33.29
1264,122,70,3,79.11
1265,1471,48,2,997.75
1266,313,69,2,606.69
1267,1225,64,1,452.64
1268,127,16,1,394.08
1269,669,20,1,589.24
1270,93,47,4,501.1
1271,281,70,5,973.44
1272,1255,30,2,279.6
1273,250,95,4,879.87
1274,1067,53,1,557.61
1275,1273,88,1,975.98
1276,478,9,1,29.82
1277,983,11,4,975.54
1278,688,21,5,129.69
1279,155,4,4,805.7
1280,596,54,3,245.61
1281,339,53,2,769.04
1282,167,91,1,622.96
1283,218,60,4,516.31
1284,1115,51,4,589.9
1285,826,51,5,435.41
1286,1223,82,5,378.86
1287,3,41,2,86.79
1288,663,95,2,502.71
1289,388,45,4,380.38
1290,309,31,5,656.11
1291,1100,21,5,200.03
1292,887,99,5,598.18
1293,989,85,3,651.57
1294,1120,45,2,840.26
1295,484,77,2,543.26
1296,1255,32,2,507.56
1297,898,91,3,631.79
1298,1369,72,5,609.19
1299,1318,33,3,942.93
1300,538,20,1,578.08
1301,1426,86,3,175.96
1302,238,9,2,998.77
1303,1209,29,4,880.04
1304,254,42,4,697.34
1305,890,44,3,911.84
1306,652,58,4,298.08
1307,1179,81,2,239.96
1308,531,62,2,613.35
1309,279,5,4,288.63
1310,934,65,1,377.94
1311,1491,33,1,927.25
1312,995,13,2,666.93
1313,912,62,3,794.04
1314,871,69,4,799.12
1315,1162,87,4,540.56
1316,1184,69,1,260.69
1317,834,100,1,97.22
1318,952,57,4,534.17
1319,812,97,1,679.62
1320,440,27,4,281.24
1321,1273,48,2,739.31
1322,244,27,4,103.87
1323,978,71,4,177.67
1324,235,96,1,892.54
1325,781,58,3,185.92
1326,53,74,5,148.75
1327,569,63,1,532.41
1328,1162,23,1,657.49
1329,38,50,3,216.54
1330,207,98,5,384.92
1331,645,36,1,407.21
1332,677,86,4,734.81
1333,1436,95,5,329.38
1334,965,73,4,484.94
1335,760,46,3,833.27
1336,23,97,3,298.15
1337,414,8,2,42.3
1338,256,70,4,396.29
1339,540,2,4,555.88
1340,1087,88,3,513.91
1341,1308,52,2,177.8
1342,906,67,1,345.26
1343,132,61,4,258.93
1344,508,75,4,706.34
1345,52,69,1,831.27
1346,633,83,4,564.52
1347,485,4,4,964.75
1348,1133,8,3,233.5
1349,1246,97,4,288.66
1350,131,62,4,276.6
1351,48,65,3,974.96
1352,227,56,5,135.75
1353,96,99,3,649.09
1354,1468,21,3,802.71
1355,725,74,3,849.75
1356,1202,93,4,961.52
1357,474,26,2,195.96
1358,225,50,1,470.94
1359,951,22,5,981.95
1360,1462,71,4,153.5
1361,1381,74,2,159.53
1362,1112,78,2,140.35
1363,1238,97,4,697.36
1364,1431,12,1,935.99
1365,740,90,5,651.68
1366,57,51,1,776.18
1367,437,46,5,149.5
1368,526,93,4,503.95
1369,1183,48,1,211.73
1370,1092,8,4,910.51
1371,1008,73,2,30.61
1372,413,67,2,624.09
1373,661,78,4,387.83
1374,14,78,2,461.93
1375,59,40,2,180.65
1376,616,37,5,363.49
1377,1213,75,4,318.11
1378,421,55,2,173.21
1379,1072,72,5,699.23
1380,114,34,4,581.06
1381,1415,18,2,571.43
1382,279,6,2,731.83
1383,1080,89,4,279.05
1384,1066,63,4,559.62
1385,55,57,3,424.93
1386,1372,21,5,518.85
1387,1010,60,4,306.4
1388,774,28,4,910.71
1389,620,33,2,149.55
1390,1249,13,2,798.65
1391,382,11,3,404.83
1392,224,31,1,159.81
1393,408,77,4,464.07
1394,798,84,2,174.64
1395,901,97,2,584.2
1396,166,12,2,616.87
1397,447,60,4,131.88
1398,201,84,2,922.57
1399,363,82,2,736.19
1400,45,72,4,126.82
1401,1256,61,1,758.33
1402,1429,95,1,419.01
1403,1386,53,2,590.91
1404,167,55,2,453.62
1405,128,49,3,936.53
1406,395,10,3,783.13
1407,792,90,1,777.22
1408,52,3,3,893.25
1409,670,22,4,247.67
1410,325,17,5,316.96
1411,1139,26,5,494.7
1412,277,9,4,19.52
1413,1252,73,3,906.92
1414,956,33,2,313.82
1415,807,6,5,446.83
1416,99,76,2,216.37
1417,1126,7,1,582.14
1418,1498,42,2,763.68
1419,179,36,3,126.74
1420,1359,13,3,205.18
1421,288,40,4,434.01
1422,1451,97,1,712.91
1423,895,38,4,94.67
1424,747,94,4,693.95
1425,1314,43,1,489.77
1426,1332,79,1,650.95
1427,248,54,5,971.96
1428,65,75,2,601.03
1429,1308,56,3,351.5
1430,1009,48,4,767.85
1431,461,21,4,433.7
1432,487,47,2,656.22
1433,673,19,5,557.28
1434,1021,84,5,866.89
1435,1265,33,1,673.95
1436,667,7,2,498.63
1437,964,93,2,651.85
1438,37,77,2,589.01
1439,489,86,4,709.47
1440,902,89,3,568.24
1441,1141,69,5,414.89
1442,1481,29,3,790.05
1443,963,39,5,692.15
1444,909,94,4,37.42
1445,910,75,1,741.59
1446,308,95,5,394.19
1447,1203,91,3,623.01
1448,976,93,3,882.5
1449,1395,10,3,535.33
1450,347,84,5,425.34
1451,148,75,5,869.45
1452,218,90,4,628.35
1453,414,49,2,550.48
1454,978,96,4,644.98
1455,1167,18,2,753.14
1456,542,99,5,139.96
1457,763,20,5,490.0
1458,318,87,1,865.97
1459,220,68,4,496.93
1460,817,17,4,404.61
1461,404,44,3,125.46
1462,1254,47,3,346.75
1463,1494,8,2,104.24
1464,746,23,2,848.43
1465,138,20,2,659.29
1466,171,94,4,438.81
1467,1118,19,4,651.68
1468,281,81,2,565.84
1469,292,99,2,296.01
1470,73,18,5,788.78
1471,601,59,5,701.06
1472,1107,89,2,383.28
1473,490,94,1,871.82
1474,1214,68,4,753.74
1475,248,28,2,453.65
1476,166,53,1,205.61
1477,399,11,5,253.02
1478,883,16,4,526.07
1479,1438,30,2,555.81
1480,889,69,1,12.93
1481,833,33,5,323.49
1482,1042,40,2,152.94
1483,715,11,1,193.24
1484,840,52,5,895.26
1485,365,96,4,502.94
1486,229,92,2,220.38
1487,1480,48,3,837.53
1488,1490,55,2,387.11
1489,629,94,2,840.03
1490,165,47,3,45.11
1491,993,18,2,621.62
1492,153,29,5,356.17
1493,1453,50,1,183.26
1494,1072,81,3,654.93
1495,151,51,2,378.87
1496,1173,83,4,585.4
1497,7,61,3,356.09
1498,886,21,1,624.27
1499,190,62,5,202.34
1500,1373,85,1,621.59
1501,364,9,4,115.45
1502,1214,50,5,647.42
1503,630,79,1,711.15
1504,156,19,5,605.49
1505,369,42,2,226.22
1506,31,97,5,286.63
1507,547,31,1,140.12
1508,424,19,2,341.64
1509,547,1,2,41.37
1510,743,52,5,172.98
1511,20,85,2,779.34
1512,88,65,4,954.66
1513,1316,91,5,412.38
1514,1388,58,3,122.33
1515,1419,47,3,394.52
1516,224,58,4,181.09
1517,1261,15,5,461.5
1518,48,85,3,971.41
1519,193,76,2,182.41
1520,1076,16,2,655.92
1521,396,15,2,651.97
1522,403,37,2,493.5
1523,17,64,3,248.13
1524,1292,83,1,5.74
1525,1005,53,3,915.03
1526,1019,51,4,213.25
1527,362,68,2,655.9
1528,96,36,5,925.3
1529,117,52,4,460.57
1530,275,63,3,787.72
1531,543,36,1,9.8
1532,1331,19,3,181.33
1533,1044,95,1,598.73
1534,115,93,1,397.34
1535,1081,25,2,434.82
1536,495,41,1,151.95
1537,807,31,2,542.57
1538,625,20,4,213.09
1539,1070,41,5,512.61
1540,999,69,1,539.94
1541,549,42,4,157.91
1542,791,13,3,484.61
1543,919,73,1,717.66
1544,496,26,1,657.28
1545,1084,49,3,994.64
1546,933,99,1,286.86
1547,1419,34,3,99.04
1548,816,8,2,713.32
1549,238,50,5,290.54
1550,757,68,2,384.42
1551,355,73,3,662.8
1552,181,99,4,372.35
1553,421,80,4,124.39
1554,772,36,5,460.36
1555,981,87,2,7.53
1556,600,69,5,132.06
1557,639,17,2,616.46
1558,1216,82,2,274.16
1559,1059,15,3,773.67
1560,876,41,3,499.92
1561,520,55,4,290.67
1562,1157,48,2,555.75
1563,885,39,1,315.29
1564,1069,36,2,366.37
1565,1005,5,4,968.44
1566,844,75,3,690.61
1567,193,72,4,402.51
1568,781,25,2,401.51
1569,783,83,1,810.2
1570,139,28,1,52.61
1571,565,74,1,238.56
1572,79,73,3,551.55
1573,1462,88,1,974.71
1574,935,25,5,994.63
1575,1147,28,3,875.06
1576,344,40,1,115.22
1577,570,96,1,838.85
1578,1085,4,3,827.13
1579,1321,15,2,333.52
1580,627,35,2,577.12
1581,175,68,4,656.09
1582,1178,22,4,929.94
1583,1263,13,4,160.74
1584,375,6,1,906.07
1585,289,94,3,806.09
1586,420,11,5,909.54
1587,502,29,3,612.65
1588,283,31,3,698.66
1589,1407,3,5,801.89
1590,1188,57,2,942.78
1591,1337,31,4,840.74
1592,963,29,3,570.22
1593,1055,39,5,914.76
1594,298,80,3,645.0
1595,300,59,3,240.06
1596,641,20,4,853.2
1597,1148,84,4,673.89
1598,606,32,3,665.15
1599,536,26,5,12.0
1600,176,22,5,878.43
1601,368,59,3,866.34
1602,953,63,1,786.32
1603,1083,49,3,934.34
1604,437,26,4,246.21
1605,799,75,4,341.75
1606,750,81,5,814.03
1607,1348,95,2,459.01
1608,1386,28,4,800.32
1609,407,61,3,823.64
1610,540,89,3,332.82
1611,1203,75,2,451.2
1612,217,31,3,816.83
1613,693,66,1,169.42
1614,489,89,1,740.18
1615,15,52,5,510.55
1616,54,11,1,276.02
1617,369,31,3,137.8
1618,102,94,3,674.45
1619,732,42,5,811.82
1620,42,23,2,261.5
1621,1408,52,3,33.26
1622,1194,33,1,56.15
1623,739,79,3,463.82
1624,410,33,2,241.02
1625,86,74,1,672.87
1626,1017,68,5,275.76
1627,1003,30,4,651.2
1628,724,9,3,803.44
1629,348,77,4,770.11
1630,1129,13,2,777.02
1631,516,43,2,870.57
1632,852,89,1,312.52
1633,1182,21,5,620.76
1634,1198,15,5,304.03
1635,304,42,3,856.31
1636,229,74,2,96.67
1637,571,48,3,456.6
1638,401,54,1,500.83
1639,1341,97,3,311.87
1640,1419,35,2,671.19
1641,664,53,3,830.35
1642,348,34,2,985.35
1643,1363,22,5,670.61
1644,1449,33,5,971.17
1645,773,85,4,512.3
1646,1363,80,4,223.78
1647,1376,97,5,516.12
1648,784,19,4,560.41
1649,338,94,5,739.47
1650,1089,55,2,407.9
1651,839,100,2,841.63
1652,928,74,4,24.12
1653,88,45,5,935.98
1654,431,75,3,648.72
1655,813,20,1,607.01
1656,610,77,4,669.22
1657,1117,23,3,935.82
1658,1036,91,2,570.17
1659,1240,20,2,287.08
1660,1200,26,5,257.98
1661,872,67,4,395.4
1662,647,3,5,823.57
1663,44,39,5,133.85
1664,1060,29,1,128.46
1665,1268,40,4,183.94
1666,583,95,5,604.08
1667,602,42,2,729.61
1668,544,83,4,765.01
1669,103,61,3,503.7
1670,780,54,3,269.11
1671,1376,96,4,524.25
1672,1392,72,1,436.41
1673,1015,81,4,551.02
1674,693,60,2,29.88
1675,1085,82,5,567.28
1676,1149,54,5,621.92
1677,1317,16,3,858.92
1678,1300,16,1,422.81
1679,1047,68,4,538.92
1680,661,60,2,245.35
1681,964,13,1,169.14
1682,1238,84,2,352.33
1683,72,94,3,843.3
1684,1001,64,4,75.32
1685,822,30,5,475.02
1686,885,37,2,375.97
1687,783,76,2,404.39
1688,1488,14,4,993.8
1689,1037,3,4,450.28
1690,305,88,4,129.75
1691,309,70,3,864.25
1692,1290,76,3,129.07
1693,1438,30,1,968.74
1694,1425,85,3,232.32
1695,227,7,3,309.83
1696,756,46,1,456.9
1697,339,10,5,898.07
1698,1152,81,5,586.75
1699,27,85,4,117.17
1700,131,19,1,815.89
1701,367,7,5,608.47
1702,164,77,2,226.69
1703,65,27,4,467.99
1704,1000,6,4,346.72
1705,1091,36,4,744.89
1706,100,7,4,956.96
1707,799,68,3,525.13
1708,290,31,1,929.47
1709,956,47,4,210.47
1710,209,39,1,826.36
1711,890,80,2,774.09
1712,1193,74,3,384.44
1713,969,8,1,354.21
1714,1130,63,1,461.31
1715,532,83,2,564.41
1716,1465,36,2,255.82
1717,97,96,3,230.09
1718,1050,76,3,354.87
1719,317,98,2,887.46
1720,1381,20,3,560.34
1721,182,50,3,49.04
1722,295,88,5,741.74
1723,68,20,2,687.18
1724,6,54,5,633.35
1725,1372,86,3,149.56
1726,869,92,5,627.07
1727,1283,79,2,201.39
1728,516,71,5,356.4
1729,1345,69,4,501.88
1730,1357,62,1,999.25
1731,1472,52,2,308.4
1732,89,95,1,609.75
1733,317,64,4,634.98
1734,1227,24,3,459.29
1735,444,68,5,346.75
1736,282,10,5,510.55
1737,1090,35,5,170.63
1738,808,87,2,989.71
1739,313,92,1,564.19
1740,744,5,3,340.81
1741,1302,78,2,760.88
1742,1396,72,2,841.18
1743,990,100,1,121.69
1744,471,10,5,127.83
1745,395,86,1,488.72
1746,726,32,1,141.88
1747,897,36,5,804.59
1748,996,67,4,578.7
1749,550,92,2,633.71
1750,1234,9,1,968.19
1751,665,86,2,894.39
1752,26,52,5,63.62
1753,194,7,1,41.46
1754,638,38,3,830.02
1755,1406,23,1,854.21
1756,921,60,4,671.68
1757,487,54,2,84.19
1758,102,17,2,637.71
1759,662,88,1,578.67
1760,1084,87,5,846.01
1761,943,50,5,417.2
1762,641,85,4,354.4
1763,420,9,5,383.76
1764,378,21,3,329.64
1765,1347,68,1,231.25
1766,296,71,1,160.81
1767,1369,53,3,704.17
1768,837,8,2,522.52
1769,1053,49,3,325.69
1770,976,74,2,608.53
1771,70,93,3,329.74
1772,1078,78,3,755.32
1773,368,26,1,672.22
1774,875,1,3,156.89
1775,592,31,5,602.49
1776,917,86,4,513.59
1777,164,36,3,390.63
1778,341,68,4,164.06
1779,277,37,5,632.94
1780,1297,31,4,566.73
1781,838,91,5,469.51
1782,20,92,1,169.93
1783,1129,88,3,99.27
1784,1379,20,2,460.44
1785,664,46,4,190.71
1786,688,52,3,905.52
1787,1379,21,1,106.63
1788,700,82,5,256.11
1789,150,15,4,344.8
1790,1276,95,2,745.84
1791,1432,42,1,348.06
1792,1240,56,2,683.82
1793,540,72,3,514.65
1794,254,74,1,628.12
1795,436,2,4,680.2
1796,1014,85,1,845.85
1797,33,39,1,313.26
1798,330,31,2,620.01
1799,625,40,2,606.3
1800,481,52,2,951.38
1801,25,81,1,245.06
1802,640,38,5,771.6
1803,798,23,2,719.31
1804,344,85,1,194.66
1805,1006,11,5,924.02
1806,121,14,1,978.24
1807,391,50,2,784.59
1808,312,63,2,621.19
1809,1187,50,2,344.36
1810,1128,21,2,87.92
1811,781,5,2,250.66
1812,1388,55,1,153.91
1813,429,84,1,737.18
1814,364,45,2,865.81
1815,1205,71,5,969.17
1816,1392,20,3,518.86
1817,179,60,4,936.44
1818,385,58,3,118.26
1819,1408,50,2,616.94
1820,1153,54,5,657.66
1821,989,46,2,14.01
1822,1428,38,2,625.57
1823,1067,24,4,352.03
1824,206,57,5,21.13
1825,36,94,4,762.81
1826,861,30,3,994.58
1827,819,56,1,482.64
1828,754,33,4,32.78
1829,105,6,4,223.46
1830,468,66,3,623.52
1831,68,10,4,439.08
1832,921,56,3,690.36
1833,1098,38,1,760.25
1834,310,41,2,910.68
1835,954,43,3,206.15
1836,299,59,1,377.27
1837,838,1,4,50.77
1838,893,89,1,88.31
1839,1108,67,3,912.09
1840,569,67,2,468.61
1841,103,100,3,770.32
1842,601,79,5,964.13
1843,919,39,5,309.27
1844,161,44,4,958.72
1845,453,44,3,384.93
1846,664,20,1,805.84
1847,1183,28,5,893.57
1848,1336,79,3,341.75
1849,806,54,2,848.68
1850,536,45,3,817.67
1851,916,35,3,641.59
1852,1030,36,3,296.79
1853,1052,95,3,203.72
1854,1270,4,3,987.14
1855,1094,94,4,462.73
1856,665,54,1,408.77
1857,705,59,5,962.59
1858,1228,90,1,867.29
1859,1403,81,1,526.52
1860,1319,94,2,759.46
1861,1022,48,4,444.59
1862,1332,44,2,72.74
1863,1034,50,5,465.3
1864,731,2,3,644.84
1865,114,34,5,32.76
1866,1486,23,4,645.59
1867,1169,8,3,248.98
1868,647,24,2,769.56
1869,904,21,4,104.23
1870,404,34,3,894.46
1871,1316,59,4,25.79
1872,915,60,2,520.46
1873,1412,66,2,933.02
1874,1424,92,4,332.2
1875,266,28,5,638.83
1876,463,1,2,210.37
1877,15,81,1,331.57
1878,511,53,3,351.51
1879,497,56,4,899.79
1880,1068,95,1,94.28
1881,1207,3,1,204.89
1882,1144,13,5,729.22
1883,1086,84,2,461.62
1884,1025,28,1,102.78
1885,1342,49,5,343.16
1886,292,87,3,898.77
1887,82,85,4,989.61
1888,1089,87,2,845.75
1889,1238,100,3,67.35
1890,1010,36,2,536.56
1891,464,86,3,388.98
1892,1136,92,4,494.53
1893,442,7,4,509.89
1894,405,36,3,532.54
1895,573,6,5,97.53
1896,652,76,5,129.25
1897,395,48,3,72.01
1898,351,42,4,973.84
1899,650,96,3,908.93
1900,141,78,2,425.77
1901,481,95,5,17.9
1902,1295,2,3,879.53
1903,1392,61,1,252.7
1904,473,26,5,778.33
1905,719,19,1,232.29
1906,81,13,3,413.5
1907,79,97,5,563.61
1908,429,72,3,275.81
1909,797,34,3,875.4
1910,1003,22,5,117.21
1911,438,94,4,841.55
1912,585,3,5,828.93
1913,1458,53,5,546.38
1914,1194,64,2,369.97
1915,771,72,4,806.41
1916,650,9,1,702.0
1917,1045,17,5,678.18
1918,1215,52,2,563.4
1919,372,6,1,462.13
1920,105,41,1,314.8
1921,874,86,1,415.83
1922,789,90,4,285.54
1923,279,83,4,908.59
1924,471,35,4,668.37
1925,1145,86,3,365.4
1926,189,5,2,137.64
1927,575,27,3,603.95
1928,1429,1,1,848.35
1929,190,86,4,523.49
1930,806,96,3,856.42
1931,1439,43,3,874.09
1932,61,93,2,38.59
1933,1021,44,3,403.9
1934,478,86,3,274.1
1935,1094,41,3,498.94
1936,18,74,1,440.8
1937,625,79,5,559.31
1938,633,69,5,530.99
1939,1398,47,5,996.19
1940,1440,62,1,588.97
1941,319,4,5,973.34
1942,682,8,2,723.78
1943,389,57,2,645.48
1944,1019,63,1,275.32
1945,613,39,3,35.93
1946,1209,26,3,390.1
1947,1121,35,3,505.38
1948,1167,13,2,948.62
1949,616,27,5,300.19
1950,638,68,5,597.93
1951,477,11,1,659.91
1952,435,41,2,265.07
1953,419,62,4,821.95
1954,838,10,2,977.36
1955,1073,33,4,298.67
1956,178,19,1,233.69
1957,1237,9,4,242.75
1958,1405,90,4,640.55
1959,604,22,4,913.55
1960,790,91,4,181.69
1961,336,30,5,204.01
1962,1160,11,1,600.57
1963,621,23,1,191.35
1964,596,95,2,594.13
1965,638,51,1,595.48
1966,1099,49,2,344.46
1967,1346,47,3,160.13
1968,14,8,1,82.61
1969,1279,69,5,878.37
1970,1216,41,1,86.22
1971,1453,9,2,235.12
1972,1491,15,4,236.74
1973,1145,20,5,789.04
1974,423,87,4,993.09
1975,1411,71,2,927.99
1976,1243,40,5,183.27
1977,1407,81,1,478.46
1978,503,81,1,493.33
1979,1140,12,5,858.17
1980,835,36,5,533.46
1981,265,63,2,882.58
1982,107,59,1,419.38
1983,774,71,4,436.0
1984,1477,18,3,227.11
1985,431,64,1,350.59
1986,1055,87,1,92.57
1987,1224,72,3,810.38
1988,90,25,1,846.32
1989,1075,36,2,998.74
1990,433,92,1,336.35
1991,1221,25,4,809.81
1992,854,17,2,864.73
1993,291,68,1,880.1
1994,1424,60,3,416.22
1995,1492,1,4,222.4
1996,1210,16,1,71.54
1997,170,39,4,182.45
1998,389,76,4,698.36
1999,24,55,3,24.38
2000,229,86,4,719.35
2001,788,41,4,144.2
2002,254,68,3,256.84
2003,1349,91,5,436.86
2004,975,60,5,447.0
2005,978,22,1,948.4
2006,860,17,4,382.61
2007,170,35,1,847.13
2008,954,51,5,420.03
2009,173,1,1,839.36
2010,793,30,4,753.02
2011,935,75,4,320.85
2012,1345,21,3,672.69
2013,744,62,4,608.03
2014,701,45,1,513.33
2015,1476,58,5,313.94
2016,477,6,4,812.62
2017,1370,75,4,278.08
2018,1160,55,5,677.09
2019,1473,85,2,700.98
2020,173,63,5,164.95
2021,433,10,5,250.5
2022,334,72,2,275.45
2023,936,33,5,427.6
2024,705,98,3,564.95
2025,834,68,1,628.41
2026,456,37,5,866.16
2027,1438,4,1,440.85
2028,416,41,5,247.67
2029,1229,48,5,142.5
2030,942,58,5,179.06
2031,39,54,4,530.17
2032,730,84,5,563.55
2033,151,30,2,42.24
2034,568,12,4,458.42
2035,152,11,4,669.12
2036,44,11,4,106.58
2037,1273,73,2,668.36
2038,111,99,5,879.56
2039,1258,20,3,990.42
2040,1111,52,1,904.73
2041,1309,52,4,455.01
2042,34,55,3,137.08
2043,350,70,3,410.07
2044,106,3,2,704.21
2045,1179,35,3,961.38
2046,758,34,5,477.61
2047,1222,25,4,15.66
2048,435,22,3,447.14
2049,176,79,3,948.18
2050,1067,43,2,89.77
2051,1168,69,2,406.18
2052,1428,31,5,977.29
2053,9,91,4,687.61
2054,1066,33,4,166.27
2055,1410,45,3,97.23
2056,1199,36,3,642.41
2057,1099,11,1,150.8
2058,239,63,1,9.35
2059,280,8,4,468.29
2060,407,32,1,448.78
2061,1044,14,4,401.63
2062,1423,3,4,168.15
2063,379,96,1,166.35
2064,716,55,1,900.7
2065,775,46,1,575.75
2066,1252,1,2,307.69
2067,1028,62,2,559.46
2068,138,72,3,865.22
2069,1086,64,4,947.85
2070,1487,91,3,893.46
2071,1315,67,3,364.24
2072,1374,16,4,443.7
2073,833,45,4,892.99
2074,405,6,4,797.15
2075,1178,97,2,241.91
2076,233,40,5,884.02
2077,393,60,4,672.9
2078,1398,10,4,430.06
2079,1438,78,4,778.65
2080,1193,89,5,50.75
2081,516,14,5,958.13
2082,1153,76,2,249.84
2083,133,51,1,114.08
2084,823,100,5,250.37
2085,1028,59,1,864.93
2086,1232,47,2,906.9
2087,474,45,5,20.54
2088,1379,10,2,185.5
2089,318,48,1,888.65
2090,1192,77,1,26.47
2091,1356,51,1,15.16
2092,1028,34,2,36.46
2093,276,46,3,453.23
2094,1497,77,2,314.24
2095,1447,78,1,14.4
2096,1372,42,4,457.91
2097,1061,20,2,773.25
2098,1097,90,4,430.05
2099,237,80,2,338.07
2100,154,73,1,483.22
2101,1448,82,2,255.24
2102,1478,46,2,103.55
2103,708,39,1,340.41
2104,1149,96,4,941.34
2105,832,88,5,959.36
2106,916,26,4,811.2
2107,284,26,2,840.8
2108,1456,48,5,590.22
2109,1123,39,3,314.97
2110,1116,77,5,46.08
2111,298,13,3,760.26
2112,412,87,4,156.0
2113,1256,17,5,802.89
2114,844,1,4,130.82
2115,615,17,5,118.5
2116,1006,39,1,611.26
2117,790,14,1,80.62
2118,457,78,3,82.84
2119,224,32,3,517.46
2120,167,50,2,81.76
2121,177,56,1,460.78
2122,228,86,4,224.25
2123,342,17,5,734.86
2124,881,37,4,327.29
2125,417,49,2,640.73
2126,1040,75,3,196.01
2127,674,1,3,290.86
2128,897,25,3,232.08
2129,746,31,4,345.43
2130,176,2,3,565.0
2131,1303,87,3,589.38
2132,1439,82,1,515.9
2133,827,12,1,839.71
2134,1096,84,4,579.4
2135,218,49,2,64.93
2136,560,56,2,616.88
2137,1204,57,2,512.56
2138,591,88,1,73.6
2139,1272,35,2,766.02
2140,419,98,5,218.1
2141,94,13,3,852.1
2142,528,18,4,347.04
2143,917,35,2,79.34
2144,679,93,5,569.55
2145,538,69,1,140.89
2146,1149,54,3,858.22
2147,795,69,3,62.95
2148,379,87,5,598.44
2149,1422,83,4,233.9
2150,597,14,3,437.45
2151,1286,73,4,958.15
2152,1477,61,1,371.91
2153,718,69,4,504.77
2154,464,70,3,971.95
2155,343,100,2,226.15
2156,700,45,1,275.3
2157,1119,54,4,893.72
2158,146,80,2,785.82
2159,455,12,5,148.12
2160,1167,46,3,563.19
2161,1310,9,4,187.88
2162,1074,47,5,871.38
2163,643,71,4,307.53
2164,1419,62,4,718.43
2165,430,74,3,135.41
2166,722,19,1,148.42
2167,722,34,2,438.24
2168,289,6,3,713.24
2169,422,85,1,953.32
2170,671,80,3,156.06
2171,450,79,5,767.85
2172,1469,62,3,960.61
2173,1093,67,5,725.67
2174,551,45,5,206.83
2175,804,30,5,84.62
2176,171,95,1,185.14
2177,1391,81,3,774.49
2178,271,47,4,643.12
2179,1400,26,1,904.93
2180,1077,42,3,189.09
2181,469,50,3,77.52
2182,768,44,3,749.76
2183,181,38,1,517.9
2184,857,45,3,107.66
2185,1401,59,5,569.9
2186,26,94,1,277.06
2187,385,89,2,837.99
2188,736,75,2,461.12
2189,41,85,3,233.01
2190,111,62,5,430.06
2191,37,2,5,329.46
2192,113,37,2,317.62
2193,175,11,2,590.58
2194,1010,1,2,115.24
2195,1347,91,1,853.75
2196,945,66,5,12.82
2197,120,26,1,762.45
2198,767,50,5,215.38
2199,982,48,1,259.49
2200,839,66,4,407.25
2201,161,95,1,928.58
2202,1336,82,4,79.33
2203,545,61,1,325.83
2204,543,1,3,165.94
2205,587,30,3,45.0
2206,886,48,4,44.72
2207,263,65,2,286.79
2208,185,51,4,652.05
2209,1353,97,3,941.33
2210,312,24,2,769.94
2211,437,7,4,839.93
2212,752,42,2,265.31
2213,781,32,3,720.15
2214,1361,81,5,577.92
2215,491,44,3,755.42
2216,1361,75,4,533.84
2217,923,26,3,502.47
2218,997,35,3,922.94
2219,723,70,1,870.81
2220,120,89,2,220.91
2221,1474,80,1,668.99
2222,1366,29,2,413.6
2223,971,24,2,588.99
2224,301,65,4,747.08
2225,389,51,1,325.54
2226,1405,93,5,179.46
2227,221,35,1,952.68
2228,79,74,4,896.49
2229,16,57,5,748.74
2230,329,100,3,591.34
2231,373,72,4,135.38
2232,2,86,5,847.74
2233,827,81,2,749.22
2234,867,57,3,443.7
2235,1341,14,2,486.32
2236,1009,58,4,481.64
2237,1390,5,5,367.82
2238,1011,66,1,549.59
2239,1138,25,5,272.55
2240,1310,1,3,652.45
2241,413,86,4,618.94
2242,478,21,4,118.99
2243,1356,55,1,965.16
2244,859,57,2,167.39
2245,944,8,1,351.21
2246,109,19,4,983.67
2247,475,94,5,51.09
2248,886,17,4,887.27
2249,156,22,2,533.19
2250,114,94,2,683.68
2251,797,22,4,110.24
2252,1144,66,5,67.96
2253,538,87,2,814.17
2254,298,2,3,18.72
2255,839,28,3,324.13
2256,1347,87,4,865.65
2257,900,5,4,717.2
2258,302,35,1,566.31
2259,993,86,3,137.68
2260,1267,46,3,942.08
2261,430,98,4,170.37
2262,824,46,4,611.15
2263,1146,52,4,132.37
2264,1032,87,1,487.41
2265,306,19,2,848.58
2266,1309,59,4,575.69
2267,198,45,5,681.9
2268,136,33,5,287.62
2269,1252,88,1,530.27
2270,380,77,2,25.96
2271,1263,27,3,143.96
2272,854,88,2,762.32
2273,1332,1,5,264.37
2274,561,53,4,196.88
2275,553,38,2,753.3
2276,440,41,1,159.86
2277,1469,36,5,836.74
2278,487,40,3,744.85
2279,832,85,2,493.86
2280,1444,77,3,496.78
2281,1099,2,4,540.81
2282,1127,21,1,290.5
2283,182,55,4,601.96
2284,1117,4,4,736.58
2285,1414,42,2,39.31
2286,894,93,3,764.84
2287,968,76,1,190.79
2288,428,35,4,324.03
2289,848,51,4,775.0
2290,615,97,1,678.69
2291,349,23,1,229.91
2292,991,54,3,960.6
2293,275,46,1,678.05
2294,1213,8,4,31.01
2295,483,46,4,739.21
2296,790,9,1,985.41
2297,1408,82,5,190.67
2298,1487,1,4,559.04
2299,334,29,3,306.57
2300,1300,67,1,974.46
2301,1427,100,4,443.85
2302,1011,2,1,976.97
2303,334,51,3,267.66
2304,1203,80,4,303.78
2305,1053,40,1,917.58
2306,1051,12,1,724.82
2307,563,35,4,621.42
2308,950,46,4,518.06
2309,567,40,3,826.72
2310,816,49,2,714.07
2311,183,39,3,975.08
2312,1220,21,1,200.86
2313,786,95,1,278.4
2314,277,94,3,311.39
2315,928,30,1,167.58
2316,1389,32,3,480.93
2317,402,46,5,629.69
2318,286,33,4,155.76
2319,688,40,1,105.32
2320,1183,97,4,423.11
2321,1223,1,4,963.79
2322,22,2,4,616.96
2323,367,26,1,209.24
2324,1306,3,4,818.47
2325,455,22,1,818.25
2326,531,8,1,688.96
2327,1159,34,4,549.37
2328,497,100,5,61.13
2329,596,29,1,83.75
2330,610,21,4,898.67
2331,308,80,2,705.43
2332,1353,45,5,806.32
2333,267,88,2,789.55
2334,511,41,2,931.7
2335,48,27,1,341.39
2336,1022,2,3,994.65
2337,1352,9,1,15.48
2338,966,59,1,565.3
2339,1045,48,5,540.06
2340,1185,45,4,714.56
2341,1259,94,4,610.5
2342,1059,74,2,718.9
2343,138,93,5,381.56
2344,428,83,1,473.29
2345,1237,44,1,249.61
2346,773,98,5,813.03
2347,617,33,2,614.66
2348,1342,16,5,821.6
2349,531,73,4,671.27
2350,1498,78,5,639.09
2351,1069,34,5,717.08
2352,405,18,5,187.8
2353,817,56,5,560.83
2354,688,51,5,595.32
2355,173,12,4,837.43
2356,763,33,1,798.72
2357,1490,88,5,226.25
2358,1063,92,2,626.5
2359,656,71,3,420.78
2360,193,16,3,922.07
2361,1000,90,1,969.95
2362,1048,52,4,653.44
2363,67,12,3,446.25
2364,864,53,2,319.74
2365,133,70,4,382.71
2366,836,82,5,576.54
2367,686,3,4,385.4
2368,1301,81,1,157.54
2369,367,27,3,587.46
2370,67,80,3,799.75
2371,826,25,5,275.02
2372,1241,9,1,724.51
2373,942,25,5,382.26
2374,1292,69,2,401.17
2375,1007,43,2,650.14
2376,438,60,4,681.31
2377,1105,4,1,343.27
2378,129,79,4,958.54
2379,1299,58,3,492.15
2380,767,8,4,379.75
2381,357,8,4,443.93
2382,752,85,2,248.8
2383,211,15,1,172.1
2384,1289,99,2,248.55
2385,1180,26,3,408.25
2386,898,88,3,533.9
2387,1033,8,3,280.4
2388,1458,89,3,171.35
2389,1185,7,2,389.61
2390,644,25,5,716.03
2391,620,89,1,710.05
2392,1140,57,3,795.13
2393,1279,1,5,145.29
2394,1136,4,4,455.7
2395,1241,19,1,498.22
2396,12,78,1,569.2
2397,1340,94,5,565.89
2398,90,12,4,932.22
2399,1145,39,2,365.81
2400,939,61,5,232.65
2401,1480,63,4,629.12
2402,43,5,5,69.91
2403,1133,16,1,882.34
2404,874,63,1,673.89
2405,437,100,3,368.7
2406,294,43,1,894.81
2407,1392,1,5,686.27
2408,739,21,2,349.13
2409,192,45,2,766.56
2410,1380,10,4,940.61
2411,6,9,4,827.62
2412,842,73,3,277.07
2413,1205,57,3,97.12
2414,41,86,3,859.71
2415,159,52,4,995.07
2416,242,62,5,77.67
2417,1027,55,1,72.67
2418,591,76,4,511.63
2419,536,26,2,250.57
2420,1051,78,3,292.58
2421,1319,79,1,529.62
2422,626,66,5,689.76
2423,1174,53,3,66.97
2424,1137,84,3,637.81
2425,344,99,3,692.45
2426,1222,36,5,242.26
2427,1284,32,1,71.2
2428,770,82,4,870.69
2429,1294,41,3,286.68
2430,1238,57,4,184.16
2431,285,73,1,286.51
2432,142,69,5,632.55
2433,1107,39,3,449.53
2434,1331,71,2,623.57
2435,467,5,5,428.37
2436,878,39,3,682.59
2437,1219,47,2,277.33
2438,288,58,1,321.14
2439,917,77,4,298.86
2440,470,9,4,181.89
2441,305,29,3,853.34
2442,1068,80,3,670.53
2443,573,12,2,402.05
2444,553,21,4,775.11
2445,1060,56,1,234.07
2446,605,48,1,691.08
2447,124,3,4,177.8
2448,115,66,2,995.18
2449,569,55,2,351.33
2450,253,18,4,971.03
2451,1234,39,3,423.55
2452,831,46,5,183.93
2453,425,65,3,29.03
2454,1045,42,3,339.82
2455,750,18,5,242.99
2456,1241,11,4,436.41
2457,291,19,1,492.49
2458,1287,78,3,866.27
2459,963,7,3,854.8
2460,1152,67,3,264.06
2461,440,72,1,781.27
2462,951,50,5,98.19
2463,598,86,3,876.04
2464,566,5,3,798.8
2465,1028,3,3,758.9
2466,1115,79,3,693.96
2467,1211,67,1,693.58
2468,1195,2,3,927.22
2469,547,16,1,434.08
2470,19,89,3,562.44
2471,1,13,3,598.5
2472,500,27,2,265.77
2473,546,73,2,18.02
2474,981,86,3,49.98
2475,476,80,4,641.81
2476,596,11,5,767.94
2477,1303,85,4,865.66
2478,600,56,2,274.41
2479,269,60,3,127.01
2480,698,41,5,354.01
2481,115,83,1,598.17
2482,72,88,5,984.08
2483,394,64,5,484.44
2484,764,88,4,329.34
2485,1429,47,3,22.24
2486,427,70,4,742.38
2487,1298,2,2,276.89
2488,281,62,4,46.32
2489,1364,46,3,417.97
2490,696,4,1,427.84
2491,785,66,4,860.76
2492,1208,71,5,366.44
2493,99,66,2,966.88
2494,954,64,3,632.51
2495,1155,40,2,285.46
2496,804,2,2,586.38
2497,1032,3,1,280.08
2498,7,75,1,669.1
2499,1018,87,1,387.94
2500,591,17,2,365.75
2501,1255,19,5,456.75
2502,664,99,3,289.82
2503,620,41,1,553.96
2504,392,50,4,721.62
2505,228,83,5,586.36
2506,45,81,1,580.95
2507,282,14,1,604.49
2508,442,33,2,982.07
2509,279,33,4,177.21
2510,1439,18,2,119.81
2511,496,78,5,125.3
2512,1381,69,1,250.07
2513,251,16,1,731.73
2514,428,96,5,736.58
2515,29,69,1,60.51
2516,242,71,3,769.88
2517,1470,90,1,895.82
2518,1411,55,4,676.97
2519,795,38,4,545.65
2520,1248,95,4,901.57
2521,920,67,4,456.01
2522,291,60,1,924.27
2523,807,39,4,927.89
2524,1478,96,5,158.04
2525,363,38,1,212.54
2526,1480,67,3,198.6
2527,41,45,1,740.97
2528,1225,31,1,651.46
2529,411,72,3,617.44
2530,1351,40,5,266.82
2531,29,94,1,846.85
2532,1213,11,4,356.92
2533,650,31,2,525.81
2534,106,98,1,79.05
2535,914,44,5,202.63
2536,308,55,5,284.08
2537,538,22,5,805.5
2538,422,16,1,989.56
2539,204,31,5,306.12
2540,1415,68,5,595.03
2541,832,11,5,409.63
2542,315,5,4,678.94
2543,289,73,1,535.15
2544,1051,92,2,204.75
2545,987,26,5,667.15
2546,341,28,4,656.29
2547,676,41,3,728.6
2548,104,53,4,918.84
2549,442,66,3,376.83
2550,1181,4,1,407.93
2551,208,15,2,490.62
2552,422,32,5,256.28
2553,1458,18,1,124.72
2554,248,97,2,52.97
2555,346,64,1,505.69
2556,927,16,5,481.24
2557,173,27,2,876.8
2558,180,21,5,48.62
2559,415,38,3,469.44
2560,697,30,1,871.2
2561,326,80,3,796.29
2562,814,38,1,68.99
2563,147,72,2,36.67
2564,905,55,3,328.09
2565,669,45,4,255.9
2566,1430,26,4,464.92
2567,14,29,1,919.15
2568,254,59,5,322.22
2569,613,99,5,154.62
2570,1111,80,5,749.86
2571,221,60,2,278.98
2572,904,42,3,289.31
2573,829,17,5,700.83
2574,988,18,2,206.29
2575,1116,25,4,393.53
2576,345,55,2,902.58
2577,620,75,3,252.26
2578,1396,51,3,36.0
2579,868,18,3,856.99
2580,228,70,3,115.64
2581,656,34,4,599.38
2582,1412,89,1,198.08
2583,358,97,3,272.31
2584,833,86,4,98.96
2585,445,5,5,395.85
2586,140,2,1,974.78
2587,175,85,3,161.78
2588,350,37,1,533.14
2589,954,60,4,318.26
2590,1342,49,5,540.05
2591,1302,100,2,81.02
2592,1209,95,4,935.99
2593,535,41,5,171.26
2594,1453,28,5,917.37
2595,968,33,2,420.67
2596,631,6,5,479.17
2597,889,58,5,217.0
2598,1489,89,4,942.45
2599,1090,77,1,264.84
2600,470,20,3,652.22
2601,1034,9,2,193.03
2602,1058,40,5,552.93
2603,1470,40,1,303.73
2604,464,97,2,226.01
2605,1494,43,4,589.11
2606,1011,51,3,910.76
2607,1118,7,5,303.64
2608,587,38,3,183.35
2609,716,14,1,381.28
2610,834,38,5,26.18
2611,1050,6,2,293.96
2612,129,82,4,956.46
2613,1360,38,1,620.77
2614,231,17,1,628.49
2615,429,15,1,476.45
2616,1262,5,4,408.42
2617,1,18,1,153.51
2618,131,97,1,285.9
2619,741,56,4,558.19
2620,145,36,3,917.97
2621,1038,33,5,939.94
2622,1038,67,3,966.92
2623,680,88,4,301.22
2624,1259,26,2,890.42
2625,250,12,5,243.64
2626,124,87,5,886.31
2627,1371,47,4,890.54
2628,908,57,3,853.59
2629,281,44,1,720.06
2630,301,49,1,807.93
2631,1236,31,3,830.96
2632,1167,66,2,879.27
2633,1133,35,4,594.37
2634,318,45,4,412.32
2635,1376,74,4,9.62
2636,906,92,1,345.4
2637,1139,72,2,455.19
2638,551,7,3,124.24
2639,749,69,4,111.87
2640,475,22,3,689.47
2641,502,12,3,943.52
2642,535,56,2,829.3
2643,1276,28,4,955.27
2644,1461,39,5,650.9
2645,163,47,4,708.15
2646,1222,17,1,34.8
2647,1167,14,4,251.02
2648,508,17,1,532.69
2649,1402,52,5,572.28
2650,941,92,3,384.0
2651,960,20,3,177.74
2652,890,25,1,625.45
2653,52,94,5,295.3
2654,1093,33,2,892.51
2655,498,23,2,638.31
2656,1198,64,3,113.8
2657,469,93,1,315.09
2658,1370,4,5,750.59
2659,90,100,2,181.21
2660,1139,35,4,376.19
2661,669,77,3,277.88
2662,595,39,4,394.39
2663,1284,18,1,163.79
2664,984,5,3,103.71
2665,277,47,3,606.19
2666,1108,16,1,582.8
2667,800,42,2,570.92
2668,422,63,4,113.29
2669,468,74,4,111.32
2670,678,60,5,600.07
2671,212,6,5,36.7
2672,1401,18,2,645.59
2673,1459,64,5,627.0
2674,190,89,3,908.1
2675,232,65,1,773.61
2676,508,91,4,424.52
2677,257,38,2,591.47
2678,118,29,1,252.7
2679,870,33,5,93.88
2680,725,8,5,376.23
2681,877,9,2,90.62
2682,13,25,5,134.91
2683,1050,23,1,453.07
2684,1035,54,3,566.96
2685,753,57,4,242.43
2686,213,44,2,620.32
2687,124,74,4,390.22
2688,278,67,4,476.36
2689,80,67,4,300.47
2690,1034,69,5,37.93
2691,661,18,4,915.53
2692,889,11,2,543.22
2693,1491,99,3,823.69
2694,262,21,1,269.67
2695,994,34,4,185.02
2696,365,98,4,524.02
2697,1450,52,2,278.22
2698,1311,10,5,504.26
2699,794,63,2,718.47
2700,856,38,5,174.77
2701,1410,35,1,458.25
2702,711,62,2,847.51
2703,1411,44,3,953.71
2704,408,82,4,959.81
2705,1049,54,3,555.49
2706,554,74,5,234.97
2707,458,51,1,415.78
2708,651,21,2,947.62
2709,601,59,5,547.75
2710,474,57,1,131.16
2711,859,27,5,649.46
2712,64,17,1,829.42
2713,519,19,3,154.6
2714,1036,53,1,462.06
2715,69,95,4,903.66
2716,1416,58,3,586.61
2717,679,11,4,142.01
2718,1386,51,1,784.54
2719,864,73,2,133.32
2720,500,13,2,277.4
2721,62,15,3,762.49
2722,70,33,5,639.45
2723,1371,88,5,97.28
2724,1114,9,3,489.92
2725,1019,42,4,278.05
2726,1186,97,4,585.22
2727,179,22,4,795.9
2728,1116,27,5,706.62
2729,846,40,4,115.31
2730,608,3,5,622.07
2731,59,100,4,327.42
2732,532,12,5,299.97
2733,1451,46,4,350.6
2734,799,61,1,985.84
2735,567,39,2,788.13
2736,77,63,5,526.21
2737,1036,92,2,400.27
2738,1332,42,4,434.95
2739,52,91,2,147.66
2740,772,93,2,41.07
2741,504,63,1,760.43
2742,488,52,4,482.9
2743,750,48,4,562.01
2744,980,93,4,661.68
2745,703,85,5,588.06
2746,252,65,3,161.96
2747,1084,52,4,583.4
2748,1445,26,3,602.27
2749,1395,34,2,157.23
2750,1295,25,2,855.98
2751,1361,96,3,954.25
2752,165,89,5,214.85
2753,1175,77,4,727.14
2754,634,42,5,186.64
2755,758,42,4,936.94
2756,293,78,3,41.25
2757,939,13,2,648.07
2758,794,18,1,204.76
2759,1168,62,1,326.01
2760,49,29,4,264.63
2761,1167,75,3,720.8
2762,170,67,3,106.85
2763,1442,55,3,313.2
2764,1287,62,5,339.33
2765,292,14,2,334.78
2766,1078,19,4,676.63
2767,8,57,2,357.63
2768,168,18,3,500.7
2769,204,98,3,210.28
2770,1108,69,5,934.27
2771,1090,12,4,676.92
2772,182,59,1,996.27
2773,195,41,5,897.29
2774,643,52,5,297.06
2775,912,2,5,644.66
2776,1328,5,4,841.15
2777,236,7,3,124.64
2778,1114,82,1,398.63
2779,517,78,2,996.05
2780,101,41,2,784.28
2781,885,54,2,378.78
2782,582,73,3,121.6
2783,37,74,4,849.32
2784,697,31,5,241.53
2785,212,46,3,561.46
2786,486,5,2,876.78
2787,1347,70,2,898.56
2788,1169,41,1,580.54
2789,18,24,3,376.56
2790,1470,72,3,891.72
2791,1122,22,1,510.22
2792,831,9,5,568.19
2793,908,27,1,133.12
2794,1173,95,2,387.73
2795,668,98,1,561.66
2796,1355,16,4,780.59
2797,690,11,1,788.67
2798,636,11,3,402.67
2799,1187,33,5,88.4
2800,1424,41,3,670.33
2801,765,46,1,359.04
2802,1327,55,5,305.7
2803,808,17,2,195.78
2804,118,69,1,439.8
2805,890,71,1,981.61
2806,1482,37,3,733.71
2807,926,58,2,271.13
2808,1297,74,5,680.0
2809,307,11,1,93.07
2810,1310,74,3,389.89
2811,1473,79,1,508.81
2812,288,42,2,927.48
2813,1346,7,3,452.51
2814,453,44,5,983.79
2815,2,74,3,499.78
2816,948,97,1,771.55
2817,274,27,2,865.26
2818,758,69,1,818.22
2819,1082,90,4,743.35
2820,1008,74,5,791.9
2821,1219,34,2,237.24
2822,1377,41,2,703.31
2823,426,20,1,146.96
2824,1154,52,1,696.58
2825,73,72,1,591.55
2826,897,3,2,478.51
2827,22,22,5,487.75
2828,51,93,2,584.96
2829,514,21,1,628.97
2830,883,47,5,618.85
2831,25,27,2,601.71
2832,711,34,2,270.21
2833,95,15,1,235.19
2834,388,45,5,892.39
2835,417,82,4,460.48
2836,547,79,1,611.94
2837,1226,87,1,75.33
2838,140,83,3,872.76
2839,367,47,5,754.76
2840,411,81,4,558.27
2841,550,76,3,933.65
2842,699,38,3,391.07
2843,1130,26,3,672.86
2844,178,16,2,616.72
2845,817,63,3,495.65
2846,1406,59,2,667.53
2847,253,60,1,6.94
2848,131,33,1,140.26
2849,976,10,5,476.52
2850,484,88,4,489.46
2851,1064,61,1,151.49
2852,1379,45,4,904.57
2853,862,57,4,544.38
2854,847,71,2,302.92
2855,1244,74,3,460.27
2856,690,39,4,343.5
2857,1360,33,1,317.8
2858,1460,56,3,653.26
2859,552,18,5,542.51
2860,731,73,4,462.7
2861,1342,9,5,772.37
2862,779,21,4,200.53
2863,1123,16,3,438.51
2864,881,88,5,705.56
2865,1055,84,1,702.97
2866,1466,92,1,939.02
2867,752,60,3,859.35
2868,1424,81,2,414.32
2869,678,55,2,380.92
2870,944,11,2,402.42
2871,769,94,3,900.73
2872,1492,78,1,564.2
2873,1375,59,5,99.99
2874,196,29,5,867.41
2875,961,23,3,732.97
2876,512,46,2,141.82
2877,1385,26,1,565.29
2878,1219,2,4,153.06
2879,1301,33,5,683.15
2880,1062,43,3,677.83
2881,496,61,2,443.37
2882,423,46,3,577.01
2883,1017,72,2,547.03
2884,916,67,3,895.57
2885,1378,98,4,110.72
2886,540,99,2,387.44
2887,800,24,2,763.44
2888,1488,32,3,929.48
2889,1136,3,5,196.03
2890,281,32,4,228.85
2891,637,66,2,425.4
2892,1187,86,5,615.45
2893,1074,49,4,380.83
2894,450,52,1,961.57
2895,1488,99,2,799.4
2896,302,97,2,526.1
2897,11,55,3,902.44
2898,713,12,5,803.17
2899,995,66,1,298.11
2900,971,36,2,577.26
2901,476,87,2,764.81
2902,113,80,3,343.79
2903,715,38,3,38.82
2904,1138,19,3,682.35
2905,1423,87,3,518.5
2906,425,77,5,698.31
2907,263,6,3,631.63
2908,870,93,4,675.38
2909,1358,29,1,770.83
2910,1429,52,4,131.62
2911,246,78,4,218.81
2912,457,98,3,116.24
2913,1494,8,2,624.2
2914,579,93,4,673.05
2915,59,40,5,945.75
2916,828,12,4,323.23
2917,614,39,4,267.24
2918,449,23,1,937.32
2919,283,82,3,893.95
2920,1278,68,5,261.3
2921,1146,94,5,765.96
2922,829,11,5,939.51
2923,1277,91,2,829.8
2924,606,76,1,58.27
2925,1418,89,2,352.47
2926,247,79,4,167.25
2927,60,53,2,383.8
2928,573,38,4,799.06
2929,297,47,2,217.4
2930,1079,42,1,767.84
2931,302,49,2,938.52
2932,174,52,4,369.77
2933,1405,76,1,727.09
2934,249,82,1,269.0
2935,897,29,5,606.28
2936,40,93,1,982.57
2937,71,83,4,19.37
2938,843,19,3,807.42
2939,1242,52,2,119.25
2940,1495,96,2,846.94
2941,320,76,1,614.94
2942,415,75,5,275.95
2943,342,84,4,115.51
2944,576,57,5,391.81
2945,17,55,4,433.31
2946,41,4,3,83.23
2947,100,57,5,574.94
2948,1275,47,5,210.68
2949,366,13,3,784.89
2950,704,42,5,412.78
2951,912,73,3,970.49
2952,711,93,4,143.8
2953,1134,55,2,664.67
2954,863,82,4,731.34
2955,1304,65,1,657.85
2956,596,95,1,183.7
2957,1283,16,5,172.64
2958,1410,65,1,793.69
2959,1487,63,5,244.99
2960,783,42,2,198.36
2961,365,83,3,35.69
2962,96,1,5,987.88
2963,270,31,5,588.11
2964,1438,41,5,143.65
2965,620,73,4,285.21
2966,360,6,1,575.32
2967,1128,63,3,965.1
2968,1237,27,1,608.19
2969,578,45,4,257.99
2970,708,71,3,583.1
2971,365,37,5,622.32
2972,898,60,4,297.14
2973,935,19,3,28.34
2974,1115,79,2,951.86
2975,900,66,2,325.39
2976,872,94,2,503.24
2977,614,69,5,250.57
2978,1215,91,4,18.46
2979,103,60,2,445.23
2980,756,65,2,729.28
2981,245,79,1,659.4
2982,813,55,4,842.61
2983,1270,61,5,903.44
2984,1234,54,4,792.48
2985,1371,66,4,448.13
2986,178,72,1,925.52
2987,715,77,2,800.93
2988,270,54,5,323.38
2989,485,55,5,448.61
2990,128,66,4,926.48
2991,834,82,5,200.04
2992,382,56,1,765.66
2993,586,13,3,994.46
2994,1149,18,4,872.03
2995,594,69,3,708.05
2996,135,36,5,347.43
2997,1392,17,2,351.25
2998,379,4,2,337.77
2999,210,84,1,823.51
3000,1324,25,3,511.91
